toy_name,colection,price,discount,age,pieces,calification,llavero,original,adult
Castillo de Himeji,Architecture,3999.0,0,18,2125,4.4,False,True,True
Ciudad de Nueva York,Architecture,1499.0,0,12,598,4.0,False,True,True
Londres,Architecture,999.0,0,12,468,4.2,False,True,True
París,Architecture,1299.0,0,12,649,3.5,False,True,True
Gran Pirámide de Guiza,Architecture,3499.0,0,18,1476,3.3,False,True,True
Taj Mahal,Architecture,2999.0,0,18,2022,5.0,False,True,True
Singapur,Architecture,1599.0,0,18,827,2.7,False,True,True
Estatua de la Libertad,Architecture,2999.0,0,16,1685,4.8,False,True,True
La Casa Blanca,Architecture,2599.0,0,18,1483,4.6,False,True,True
Batcueva: Caja Sombría,Batman™,9699.0,0,18,3981,4.4,False,False,True
Batmobile™: Caza de Batman™ vs. The Joker™,Batman™,1199.0,0,8,438,4.7,False,False,False
LEGO® DC Batman™: Batmóvil Blindado,Batman™,6499.0,0,18,2049,4.0,False,False,True
Batwing: Batman™ vs. The Joker™,Batman™,949.0,0,8,357,4.9,False,False,False
Figura para Construir: Batman™,Batman™,829.0,0,8,275,4.7,False,False,False
Batmóvil: Caza de The Penguin™,Batman™,799.0,0,8,392,5.0,False,False,False
Persecución en el Batmobile™: Batman™ vs. The Joker™,Batman™,679.0,0,4,54,4.9,False,False,False
THE BATMAN: BATMOTO,Batman™,1299.0,0,9,641,4.8,False,False,False
Llavero de Harley Quinn™,Batman™,149.0,0,6,1,3.0,True,False,False
Llavero de Batman™,Batman™,149.0,0,6,1,5.0,True,False,False
Jim Lee: Colección de Batman™,Batman™,3199.0,30,18,4167,4.8,False,False,True
THE BATMAN: BATMÓVIL,Batman™,2599.0,30,10,1360,4.7,False,False,False
Batman™ contra Harley Quinn™,Batman™,259.0,30,4,42,4.7,False,False,False
EVA y WALL•E,BrickHeadz,359.0,0,10,155,5.0,False,True,False
Sonic the Hedgehog™,BrickHeadz,249.0,0,10,139,5.0,False,True,False
Jake Sully y su Avatar,BrickHeadz,499.0,40,10,246,5.0,False,True,False
100 Aniversario de Disney,BrickHeadz,999.0,40,10,501,4.7,False,True,False
Héroes de la Batalla de Endor™,BrickHeadz,999.0,40,10,549,5.0,False,True,False
Gandalf el Gris y Balrog™,BrickHeadz,499.0,0,10,348,4.7,False,True,False
"Harry, Hermione, Ron y Hagrid™",BrickHeadz,619.0,30,10,466,4.7,False,True,False
Harry Potter™ y Cho Chang,BrickHeadz,499.0,0,10,267,5.0,False,True,False
Mi Yo de Ladrillos: FC Barcelona,BrickHeadz,499.0,30,10,530,5.0,False,True,False
Draco Malfoy™ y Cedric Diggory,BrickHeadz,499.0,0,10,262,5.0,False,True,False
Obi-Wan Kenobi™ y Darth Vader™,BrickHeadz,499.0,0,10,260,4.6,False,True,False
Frodo™ y Gollum™,BrickHeadz,359.0,20,10,184,4.7,False,True,False
Mickey Mouse Fiesta de la Primavera,BrickHeadz,249.0,0,10,120,,False,True,False
Bandido Tusken,BrickHeadz,249.0,0,10,152,4.8,False,True,False
Miles “Tails” Prower,BrickHeadz,249.0,0,10,131,5.0,False,True,False
Cruella y Maléfica,BrickHeadz,499.0,0,10,320,4.0,False,True,False
Vaiana y Mérida,BrickHeadz,499.0,0,10,410,5.0,False,True,False
Bailarín de la Danza del León,BrickHeadz,249.0,30,10,239,4.8,False,True,False
Mi Yo de Ladrillos: Manchester United,BrickHeadz,499.0,30,10,530,4.6,False,True,False
Aragorn™ y Arwen™,BrickHeadz,499.0,20,10,261,5.0,False,True,False
"Gilito McPato, Juanito, Jaimito y Jorgito",BrickHeadz,619.0,30,10,340,4.9,False,True,False
Kingsley Shacklebolt™ y Nymphadora Tonks™,BrickHeadz,499.0,20,10,250,5.0,False,True,False
Pata Daisy,BrickHeadz,249.0,30,10,110,4.8,False,True,False
Iron Spider-Man,BrickHeadz,249.0,0,10,91,,False,True,False
Ahsoka Tano,BrickHeadz,249.0,30,10,164,4.8,False,True,False
San Bernardo,BrickHeadz,349.0,0,8,236,4.9,False,True,False
Goofy y Pluto,BrickHeadz,349.0,30,10,214,4.7,False,True,False
Pato Donald,BrickHeadz,249.0,30,10,90,4.8,False,True,False
Zombi,BrickHeadz,249.0,30,10,81,4.6,False,True,False
Stitch,BrickHeadz,249.0,0,10,152,,False,True,False
Groot en Maceta,BrickHeadz,249.0,0,10,113,,False,True,False
Chip y Chop,BrickHeadz,499.0,30,10,226,5.0,False,True,False
Bulldog Francés,BrickHeadz,349.0,0,8,237,4.7,False,True,False
Profesores de Hogwarts™,BrickHeadz,999.0,30,10,601,4.8,False,True,False
Woody y Bo Peep,BrickHeadz,499.0,30,10,296,4.9,False,True,False
El Mandaloriano y el Niño,BrickHeadz,499.0,0,10,295,4.7,False,True,False
Llama,BrickHeadz,249.0,30,10,100,4.9,False,True,False
Alex,BrickHeadz,249.0,30,10,86,5.0,False,True,False
Avión de Pasajeros,City,2999.0,0,7,913,4.7,False,True,False
Casa Familiar y Coche Eléctrico,City,1499.0,20,6,462,4.8,False,True,False
Tren de Pasajeros de Alta Velocidad,City,4599.0,0,7,764,4.4,False,True,False
Hospital,City,3199.0,30,7,816,4.3,False,True,False
Centro de Esquí y Escalada,City,2999.0,0,7,1045,5.0,False,True,False
Heladería,City,999.0,0,6,296,4.9,False,True,False
Exploradores del Ártico: Camión y Laboratorio Móvil,City,1899.0,0,6,489,5.0,False,True,False
Autocaravana de Vacaciones,City,469.0,0,5,190,4.8,False,True,False
Exploradores del Ártico: Barco,City,3999.0,0,7,815,4.9,False,True,False
Desafío Acrobático: Rampa y Aro,City,749.0,30,5,144,4.9,False,True,False
Centro Urbano,City,4999.0,0,8,2010,4.9,False,True,False
Exploradores del Ártico: Motonieve,City,279.0,0,5,70,5.0,False,True,False
Barco de Exploración Submarina,City,999.0,0,5,182,4.9,False,True,False
Camiones de Obra y Grúa con Bola de Demolición,City,1499.0,0,4,235,4.9,False,True,False
Estación de Tren,City,2599.0,0,7,907,4.5,False,True,False
Unidad Móvil de Control de Incendios,City,1599.0,0,7,502,4.9,False,True,False
Coche de Policía,City,259.0,0,5,94,4.6,False,True,False
Avión Acrobático,City,259.0,30,5,59,5.0,False,True,False
Comisaría de Policía,City,1799.0,0,6,668,5.0,False,True,False
Grúa Móvil,City,1099.0,30,7,340,5.0,False,True,False
Edificio de Apartamentos,City,2399.0,0,6,688,4.8,False,True,False
Furgoneta Veterinaria de Rescate,City,259.0,30,4,58,4.4,False,True,False
Tren de Mercancías,City,4999.0,0,7,1153,4.8,False,True,False
Excavadora de Obra,City,499.0,20,5,148,5.0,False,True,False
Vías,City,499.0,0,5,20,3.2,False,True,False
Camión Hamburguesería,City,499.0,0,5,194,5.0,False,True,False
Isla Prisión de la Policía,City,2599.0,0,7,980,,False,True,False
Róver de Control y Grúa de Carga,City,2199.0,0,7,758,,False,True,False
Coche de Carreras,City,259.0,30,4,46,5.0,False,True,False
Camión de Rescate 4x4 de Bomberos,City,259.0,30,5,97,5.0,False,True,False
Nave Espacial Interestelar,City,499.0,0,6,240,5.0,False,True,False
Base Espacial y Plataforma de Lanzamiento,City,3499.0,0,8,1422,,False,True,False
Parque de Bomberos con Camión de Bomberos,City,1999.0,0,6,843,4.0,False,True,False
Estación Espacial Modular,City,2799.0,0,7,1097,,False,True,False
Centro de Lanzamiento Espacial,City,3999.0,30,7,1010,5.0,False,True,False
Barco Velero,City,499.0,0,5,102,,False,True,False
Meca de Construcción Espacial,City,279.0,0,6,140,,False,True,False
Nave Espacial y Descubrimiento del Asteroide,City,499.0,0,4,126,,False,True,False
Laboratorio de Criminología Móvil de la Policía,City,1399.0,0,7,674,,False,True,False
Avión de Rescate de Bomberos,City,1399.0,0,6,478,,False,True,False
Karts y Pilotos de Carreras,City,259.0,0,5,99,,False,True,False
Moto de Policía y Coche a la Fuga,City,259.0,0,5,59,5.0,False,True,False
Helicóptero de Rescate para Emergencias,City,499.0,0,6,226,,False,True,False
Submarino de Exploración de las Profundidades,City,2799.0,0,7,842,4.9,False,True,False
Persecución Policial en el Banco,City,2599.0,30,7,915,4.7,False,True,False
Apisonadora,City,259.0,0,5,78,5.0,False,True,False
Furgoneta-Pingüino de Granizadas,City,499.0,0,5,194,4.8,False,True,False
Bases de Carretera,City,469.0,0,5,112,1.8,False,True,False
Monster Truck Azul,City,399.0,0,5,148,,False,True,False
Central de Vehículos de Emergencia,City,1799.0,20,6,706,4.9,False,True,False
Róver Explorador Espacial y Vida Extraterrestre,City,869.0,0,6,311,5.0,False,True,False
Entrenamiento Móvil para Perros Policía,City,749.0,0,5,197,4.4,False,True,False
Base de Investigación Lunar,City,3399.0,30,7,786,4.7,False,True,False
Moto Acrobática: Bañera,City,209.0,30,5,14,4.9,False,True,False
Coche de Carreras y Camión de Transporte,City,759.0,0,6,328,,False,True,False
Deportivo de Carreras Verde,City,259.0,0,4,56,,False,True,False
Coche de Policía y Potente Deportivo,City,499.0,0,6,213,,False,True,False
Deportivo Eléctrico,City,259.0,0,5,95,4.8,False,True,False
Moto Acrobática: Cibernauta,City,209.0,30,5,13,4.0,False,True,False
Transporte Equino,City,799.0,30,5,196,4.6,False,True,False
Autolavado,City,829.0,0,6,243,4.8,False,True,False
Camión de Reciclaje,City,749.0,0,5,261,4.9,False,True,False
Ambulancia de Emergencias y Chico con Snowboard,City,499.0,0,4,79,,False,True,False
Transporte del Helicóptero de Rescate,City,799.0,30,5,215,4.7,False,True,False
Camión Hormigonera,City,529.0,30,4,85,5.0,False,True,False
Lancha de Policía y Guarida de los Ladrones,City,869.0,0,6,311,,False,True,False
Coches de Carreras Modificados,City,759.0,0,6,359,,False,True,False
Cambios de Agujas,City,349.0,0,5,8,5.0,False,True,False
Helicóptero de Rescate de Bomberos,City,259.0,0,5,85,,False,True,False
Granero y Animales de Granja,City,1899.0,30,4,230,3.4,False,True,False
Central Móvil de Policía,City,1299.0,30,6,436,4.9,False,True,False
Camión de Bomberos 4x4 con Barco de Rescate,City,869.0,0,5,301,,False,True,False
Persecución Policial del Camión de los Helados,City,1099.0,30,5,317,4.7,False,True,False
Moto Acrobática: Oso,City,209.0,30,5,10,5.0,False,True,False
Camión de Torneo de Videojuegos,City,999.0,0,7,344,2.5,False,True,False
Vehículo de Exploración Lunar,City,1099.0,30,6,275,5.0,False,True,False
Cuerpo de Bomberos,City,2599.0,30,7,766,4.8,False,True,False
Estación Espacial Lunar,City,2099.0,30,6,500,4.8,False,True,False
Moto de Rescate de Bomberos,City,259.0,0,4,57,,False,True,False
Parque de Bomberos y Camión de Bomberos,City,999.0,0,4,153,4.8,False,True,False
Parque de Bomberos,City,1799.0,30,6,540,4.8,False,True,False
Quad y Hábitat de la Nutria,City,259.0,30,5,90,4.7,False,True,False
Calendario de Adviento LEGO® City 2023,City,869.0,30,5,258,4.8,False,True,False
Tractor Forestal,City,259.0,30,5,86,4.6,False,True,False
Misiones de Exploración Espacial de Marte,City,1099.0,30,6,298,4.3,False,True,False
Moto Acrobática: Escorpión Temerario,City,209.0,30,5,15,4.5,False,True,False
Lancha de Rescate de Bomberos,City,749.0,0,5,144,4.8,False,True,False
Academia de Policía,City,2599.0,0,6,823,4.6,False,True,False
Todoterreno 4x4 Aventurero,City,749.0,0,6,252,4.6,False,True,False
Camión de los Helados,City,399.0,30,5,200,4.5,False,True,False
Persecución en la Comisaría de Policía,City,999.0,0,4,172,4.8,False,True,False
Tractor,City,469.0,0,5,148,4.8,False,True,False
Misiones de Rescate de Animales Salvajes,City,1099.0,30,6,246,4.7,False,True,False
Taller Mecánico de Tuning,City,1499.0,0,6,507,4.5,False,True,False
Parque de Patinaje Urbano,City,1699.0,0,6,454,5.0,False,True,False
Pack de Vehículos Deportivos,City,759.0,0,6,362,5.0,False,True,False
Rescate de Bomberos y Persecución Policial,City,1099.0,30,5,295,4.9,False,True,False
Montaña Rusa Espacial Móvil,City,1299.0,0,6,433,4.9,False,True,False
Desafío Acrobático: Ataque del Tiburón,City,999.0,30,5,122,4.5,False,True,False
Misiones de Investigación de la Policía Acuática,City,1099.0,30,6,278,4.3,False,True,False
Carrera de Camiones Monstruo,City,759.0,0,6,301,4.6,False,True,False
Desafío Acrobático: Anillos Giratorios,City,999.0,30,6,117,4.8,False,True,False
Desafío Acrobático: Derribo,City,999.0,30,5,117,5.0,False,True,False
Pista Acrobática con Doble Rizo,City,3999.0,30,7,598,2.0,False,True,False
Rizo Acrobático: Chimpancé Devastador,City,1899.0,30,7,226,5.0,False,True,False
Desafío Acrobático: Camión y Anillos de Fuego,City,1499.0,30,6,479,4.9,False,True,False
Desafío Acrobático: Rizo Extremo,City,2599.0,30,7,385,4.7,False,True,False
Helicóptero de Bomberos,City,259.0,30,4,53,4.9,False,True,False
Caja de Ladrillos Creativos Mediana LEGO®,Classic,849.0,0,4,484,4.7,False,True,False
Diversión Creativa: Pastel,Classic,499.0,0,5,333,4.9,False,True,False
Ladrillos Creativos Transparentes,Classic,749.0,0,4,500,3.7,False,True,False
Ladrillos a Montones,Classic,1499.0,0,5,1000,4.9,False,True,False
Monstruos Creativos,Classic,259.0,0,4,140,5.0,False,True,False
Maletín creativo,Classic,499.0,0,4,213,4.0,False,True,False
Construye en Compañía,Classic,2599.0,30,5,1601,4.7,False,True,False
Base Verde,Classic,229.0,0,4,1,3.8,False,True,False
Ladrillos y Funciones,Classic,799.0,30,5,500,4.9,False,True,False
Caja de Ladrillos Creativos Vibrantes,Classic,1499.0,0,4,850,,False,True,False
Creatividad a Todo Color,Classic,1599.0,0,5,1500,3.0,False,True,False
Base Blanca,Classic,229.0,0,4,1,5.0,False,True,False
Base Gris,Classic,399.0,0,4,1,4.3,False,True,False
Universo Creativo de Fantasía,Classic,2299.0,0,5,1800,4.9,False,True,False
Vehículos Creativos,Classic,1399.0,0,5,900,,False,True,False
Base Azul,Classic,229.0,0,4,1,4.0,False,True,False
Misión Espacial,Classic,1899.0,30,5,1700,4.0,False,True,False
90 Años de Juego,Classic,1299.0,30,5,1100,5.0,False,True,False
Caja Creativa: Fiesta,Classic,1299.0,0,5,900,4.9,False,True,False
Planetas Espaciales Creativos,Classic,869.0,0,5,450,,False,True,False
Ladrillos y Ruedas,Classic,999.0,30,4,653,4.5,False,True,False
Casas Creativas,Classic,1399.0,0,4,850,,False,True,False
Mascotas Creativas,Classic,869.0,0,5,450,,False,True,False
Diversión Creativa: Simios,Classic,259.0,30,5,135,4.9,False,True,False
Diversión Oceánica Creativa,Classic,529.0,0,4,333,4.9,False,True,False
Diversión Creativa: Neón,Classic,499.0,0,5,333,4.9,False,True,False
Criaturas del Fondo Marino,Creator 3in1,349.0,0,7,230,5.0,False,True,False
Cámara Retro,Creator 3in1,499.0,0,8,261,5.0,False,True,False
Unicornio Mágico,Creator 3in1,259.0,0,7,145,4.9,False,True,False
Grandes dinosaurios,Creator 3in1,349.0,0,7,174,4.7,False,True,False
Moto Clásica,Creator 3in1,349.0,0,8,128,4.8,False,True,False
Astronauta Espacial,Creator 3in1,1399.0,0,9,647,5.0,False,True,False
Lanzadera Espacial,Creator 3in1,259.0,0,6,144,4.9,False,True,False
Perros Adorables,Creator 3in1,749.0,0,7,475,4.9,False,True,False
Pavo Real Exótico,Creator 3in1,499.0,0,7,355,5.0,False,True,False
Loro Exótico,Creator 3in1,499.0,0,7,253,4.8,False,True,False
Safari de Animales Salvajes,Creator 3in1,1599.0,0,9,780,,False,True,False
Conejo Blanco,Creator 3in1,499.0,0,8,258,4.6,False,True,False
Camión Plataforma con Helicóptero,Creator 3in1,499.0,0,7,270,5.0,False,True,False
Ukelele Tropical,Creator 3in1,759.0,0,8,387,5.0,False,True,False
Dragón Rojo,Creator 3in1,259.0,0,6,149,,False,True,False
Criaturas Fantásticas del Bosque,Creator 3in1,399.0,0,7,175,4.9,False,True,False
Flores en Regadera,Creator 3in1,759.0,0,8,420,,False,True,False
Loro Rosa Exótico,Creator 3in1,499.0,0,7,253,4.9,False,True,False
Reactor Supersónico,Creator 3in1,529.0,0,7,215,5.0,False,True,False
Montaña Rusa Espacial,Creator 3in1,2799.0,0,9,874,4.8,False,True,False
Barco Pirata,Creator 3in1,2999.0,0,9,1264,4.7,False,True,False
Patín Retro,Creator 3in1,759.0,0,8,342,,False,True,False
Rueda de Hámster,Creator 3in1,759.0,0,8,416,,False,True,False
Pajarera,Creator 3in1,749.0,0,8,476,4.8,False,True,False
Barco Vikingo y Serpiente Midgard,Creator 3in1,3199.0,30,9,1192,4.3,False,True,False
Tigre Majestuoso,Creator 3in1,1299.0,0,9,755,4.8,False,True,False
Misión del Tesoro Hundido,Creator 3in1,999.0,0,8,522,4.3,False,True,False
Restaurante de Fideos del Centro,Creator 3in1,1199.0,30,8,569,4.6,False,True,False
Calle Principal,Creator 3in1,3699.0,30,9,1459,5.0,False,True,False
Robot Invencible,Creator 3in1,259.0,0,6,159,4.9,False,True,False
Ciberdrón,Creator 3in1,249.0,30,6,113,5.0,False,True,False
Castillo Medieval,Creator 3in1,2599.0,0,9,1426,4.6,False,True,False
Casa Confortable,Creator 3in1,1499.0,0,8,808,4.9,False,True,False
Deportivo Callejero,Creator 3in1,529.0,30,7,258,5.0,False,True,False
Furgoneta Playera,Creator 3in1,1299.0,0,8,556,4.9,False,True,False
Delfín y Tortuga,Creator 3in1,259.0,30,6,137,4.6,False,True,False
Casa Surfera en la Playa,Creator 3in1,1299.0,30,8,564,4.8,False,True,False
LEGO®: Titanic,Creator Expert,16499.0,0,18,9090,4.8,False,True,True
Hotel Boutique,Creator Expert,5499.0,0,18,3066,4.5,False,True,True
Ramo de Flores,Creator Expert,1499.0,0,18,756,4.9,False,True,True
Máquina del Tiempo de Regreso al Futuro,Creator Expert,4999.0,0,18,1872,4.5,False,True,True
Librería,Creator Expert,4999.0,0,16,2504,4.5,False,True,True
Transbordador Espacial Discovery de la NASA,Creator Expert,4999.0,0,18,2354,4.8,False,True,True
Orquídeas,Creator Expert,1299.0,0,18,608,4.8,False,True,True
Optimus Prime,Creator Expert,4299.0,0,18,1508,4.2,False,True,True
Porsche 911,Creator Expert,4099.0,0,18,1458,4.6,False,True,True
Suculentas,Creator Expert,1299.0,0,18,771,4.8,False,True,True
Furgoneta Clásica,Creator Expert,3399.0,0,18,1677,4.1,False,True,True
Vespa,Creator Expert,249.0,0,9,118,4.9,False,True,False
Gran plaza,Creator Expert,7299.0,0,16,4002,4.8,False,True,True
ECTO-1 de los Cazafantasmas,Creator Expert,5799.0,0,18,2352,4.6,False,True,True
NASA Apollo 11 Lunar Lander,Creator Expert,2599.0,0,16,1087,5.0,False,True,True
Casa Encantada de la Feria,Creator Expert,7299.0,0,18,3231,4.5,False,True,True
Coliseo,Creator Expert,12999.0,30,18,9036,4.3,False,True,True
Ford Mustang,Creator Expert,4099.0,0,16,1471,4.7,False,True,True
Estadio del Real Madrid – Santiago Bernabéu,Creator Expert,9499.0,30,18,5876,4.8,False,True,True
Ave del Paraíso,Creator Expert,2599.0,0,18,1173,4.6,False,True,True
Tren de Alta Velocidad,Creator Expert,449.0,0,7,284,4.1,False,True,False
Apartamentos de Friends,Creator Expert,4299.0,0,18,2048,4.6,False,True,True
Comisaría de Policía,Creator Expert,4999.0,30,18,2923,4.5,False,True,True
Visita de Papá Noel,Creator Expert,2599.0,20,18,1445,4.8,False,True,True
Batcueva: Caja Sombría,DC,9699.0,0,18,3981,4.4,False,False,True
LEGO® DC Batman™: Batmóvil Blindado,DC,6499.0,0,18,2049,4.0,False,False,True
Batmóvil: Caza de The Penguin™,DC,799.0,0,8,392,5.0,False,False,False
THE BATMAN: BATMOTO,DC,1299.0,0,9,641,4.8,False,False,False
Llavero de Superman™,DC,149.0,0,6,1,5.0,True,False,False
THE BATMAN: BATMÓVIL,DC,2599.0,30,10,1360,4.7,False,False,False
Jim Lee: Colección de Batman™,DC,3199.0,30,18,4167,4.8,False,False,True
Castillo Disney,Disney™,9699.0,0,18,4837,5.0,False,False,True
Casa de “Up”,Disney™,1499.0,0,9,598,4.5,False,False,False
Mini Castillo Disney,Disney™,999.0,0,12,567,4.9,False,False,False
EVA y WALL•E,Disney™,359.0,0,10,155,5.0,False,False,False
Cámara en Homenaje a Walt Disney,Disney™,2599.0,0,18,811,5.0,False,False,True
100 Años de Iconos de la Animación Disney,Disney™,1499.0,0,6,1022,4.5,False,False,False
Mini Palacio de Agrabah Disney,Disney™,999.0,20,12,506,3.8,False,False,False
Diversión en el Autolavado con Rayo McQueen y Mate,Disney™,749.0,0,2,29,4.9,False,False,False
Rapunzel Bailarina,Disney™,259.0,0,5,89,4.6,False,False,False
Casa Madrigal,Disney™,1299.0,0,6,587,3.9,False,False,False
100 Aniversario de Disney,Disney™,999.0,40,10,501,4.7,False,False,False
Vaiana y Mérida,Disney™,499.0,0,10,410,5.0,False,False,False
Mini Mansión Encantada Disney,Disney™,999.0,40,12,680,4.5,False,False,False
Iconos de Villanos,Disney™,3399.0,0,18,1540,4.9,False,False,True
Frozen: Paraíso Invernal de Anna y Elsa,Disney™,1099.0,30,4,154,4.9,False,False,False
Concha Real de la Sirenita,Disney™,3999.0,20,18,1808,5.0,False,False,True
Mini Castillo de Disney Ariel,Disney™,999.0,0,12,557,,False,False,False
Patio del Castillo de Anna,Disney™,259.0,30,5,74,5.0,False,False,False
Llavero de Mickey,Disney™,149.0,0,6,1,4.4,True,False,False
Llavero de Minnie,Disney™,149.0,0,6,1,5.0,True,False,False
Torre de Rapunzel y El Patito Frito,Disney™,2199.0,0,6,623,,False,False,False
Gran Castillo de Aventuras,Disney™,2599.0,0,6,698,4.9,False,False,False
Dúos Disney,Disney™,1149.0,0,6,553,5.0,False,False,False
Asha en la Ciudad de Rosas,Disney™,499.0,0,6,154,4.8,False,False,False
Mickey Mouse Fiesta de la Primavera,Disney™,249.0,0,10,120,,False,False,False
Cruella y Maléfica,Disney™,499.0,0,10,320,4.0,False,False,False
Aventura en el Mercado de las Princesas Disney,Disney™,2599.0,0,6,817,,False,False,False
Castillo de Bella y Bestia,Disney™,2299.0,30,6,505,4.9,False,False,False
Torre de Rapunzel,Disney™,1599.0,30,6,369,4.7,False,False,False
Batalla contra Zurg,Disney™,799.0,30,7,261,4.7,False,False,False
Vuelo sobre Londres de Peter Pan y Wendy,Disney™,1499.0,0,10,466,4.7,False,False,False
"Gilito McPato, Juanito, Jaimito y Jorgito",Disney™,619.0,30,10,340,4.9,False,False,False
Castillo de Hielo,Disney™,5499.0,0,14,1709,4.4,False,False,True
Casa del Árbol Encantada,Disney™,3999.0,0,7,1016,4.8,False,False,False
Barco Aventurero de Vaiana,Disney™,849.0,0,6,321,4.9,False,False,False
Castillo Mágico 3en1,Disney™,2599.0,0,3,160,4.6,False,False,False
Cofre de Tesoros de Ariel,Disney™,1149.0,0,6,370,4.2,False,False,False
Mack en las Carreras,Disney™,499.0,0,2,14,,False,False,False
Patio del Castillo de Elsa,Disney™,259.0,30,5,53,5.0,False,False,False
Calesa de Cuentos de Bella,Disney™,399.0,0,5,62,,False,False,False
"Creaciones Encantadas de Aurora, Mérida y Tiana",Disney™,1799.0,30,6,558,3.6,False,False,False
Elsa y Bruni en el Bosque Encantado,Disney™,759.0,0,2,31,,False,False,False
Tren Homenaje a Disney,Disney™,999.0,0,4,200,5.0,False,False,False
Aventura de Jasmine y Mulán,Disney™,1099.0,30,5,176,4.4,False,False,False
Delicias Heladas de Elsa,Disney™,399.0,0,5,82,,False,False,False
Palacio Submarino de Ariel,Disney™,2599.0,30,6,498,4.8,False,False,False
Castillo Helado de Elsa,Disney™,1149.0,0,4,163,,False,False,False
Castillo de Aurora,Disney™,1099.0,0,4,187,4.9,False,False,False
Woody y Bo Peep,Disney™,499.0,30,10,296,4.9,False,False,False
LEGO® Minifigures: Edición Disney 100,Disney™,129.0,30,5,8,3.4,False,False,False
Tiovivo Mágico de Anna y Elsa,Disney™,499.0,0,6,175,4.9,False,False,False
Libro de Cuento: La Sirenita,Disney™,529.0,0,5,134,4.7,False,False,False
Llavero del Pato Donald,Disney™,149.0,0,6,1,5.0,True,False,False
Joyero Creativo de Elsa,Disney™,999.0,30,6,300,4.8,False,False,False
Castillo de Cenicienta y el Príncipe,Disney™,2299.0,0,5,365,4.9,False,False,False
Salón de Baile de Bella,Disney™,529.0,30,2,23,4.7,False,False,False
Mickey y sus Amigos: Megapack de Pulseras,Disney™,799.0,30,6,349,5.0,False,False,False
Cuentos e Historias: Elsa y el Nokk,Disney™,469.0,30,5,125,4.8,False,False,False
Pato Donald,Disney™,249.0,30,10,90,4.8,False,False,False
Tren de Cumpleaños de Mickey y Minnie,Disney™,749.0,0,2,22,4.9,False,False,False
Viaje Encantado de las Princesas,Disney™,1599.0,0,6,320,4.7,False,False,False
Nave Espacial XL-15,Disney™,1299.0,30,8,497,4.9,False,False,False
Disney Princess: Castillos Creativos,Disney™,849.0,0,6,140,5.0,False,False,False
Stitch,Disney™,1599.0,0,9,730,,False,False,False
Excursión de Campo de Mickey Mouse y Minnie Mouse,Disney™,649.0,0,4,103,4.8,False,False,False
Llavero de Elsa LEGO® l Disney Frozen 2,Disney™,149.0,0,6,1,,True,False,False
Elsa y el Establo de Hielo del Nokk,Disney™,399.0,30,4,53,4.8,False,False,False
Llavero de Olaf LEGO® l Disney Frozen 2,Disney™,149.0,0,6,1,,True,False,False
Mickey Mouse y Minnie Mouse: Parche para Coser,Disney™,129.0,30,8,95,4.0,False,False,False
Duelo contra Zyclops,Disney™,529.0,30,4,87,4.8,False,False,False
Cuentos e Historias: Peter Pan y Wendy,Disney™,529.0,0,5,111,3.0,False,False,False
Winnie the Pooh,Disney™,2599.0,0,18,1265,4.7,False,False,True
Misión Planetaria de Buzz Lightyear,Disney™,799.0,30,2,37,4.8,False,False,False
Maceta de Isabela,Disney™,999.0,0,9,641,,False,False,False
Aventura Campestre,Disney™,1299.0,0,2,37,5.0,False,False,False
Castillo del Rey Magnifico,Disney™,2599.0,0,7,613,4.9,False,False,False
Llavero de Anna LEGO® l Disney Frozen 2,Disney™,149.0,20,6,1,,True,False,False
Chip y Chop,Disney™,499.0,30,10,226,5.0,False,False,False
Pata Daisy,Disney™,249.0,30,10,110,4.8,False,False,False
Stitch,Disney™,249.0,0,10,152,,False,False,False
Llavero de la Pata Daisy,Disney™,149.0,0,6,1,,True,False,False
Cabaña de Asha,Disney™,1299.0,0,7,509,1.0,False,False,False
Mickey Mouse y Minnie Mouse: Caja de Proyectos de Vuelta al Cole,Disney™,1099.0,30,6,669,5.0,False,False,False
Marco de Fotos y Joyero de Mirabel,Disney™,759.0,0,6,334,,False,False,False
Frozen: Castillo de Hielo,Disney™,1299.0,30,2,59,4.3,False,False,False
Goofy y Pluto,Disney™,349.0,30,10,214,4.7,False,False,False
Mickey y sus Amigos: Defensores del Castillo,Disney™,1399.0,30,4,215,5.0,False,False,False
Mickey y sus Amigos: Megapack de Pulseras,DOTS,799.0,30,6,349,5.0,False,True,False
Megapack de Diseño de Pulseras,DOTS,749.0,30,6,388,4.8,False,True,False
Pack de Accesorios: Hogwarts™,DOTS,349.0,30,8,234,2.7,False,True,False
Kit de Herramientas de Diseño: Patrones,DOTS,1599.0,30,8,1096,4.9,False,True,False
Bandeja Osito Panda,DOTS,529.0,30,6,517,5.0,False,True,False
Cajón Animales Creativos,DOTS,599.0,30,6,643,4.7,False,True,False
DOTS a Montones: Letras,DOTS,529.0,30,6,722,4.7,False,True,False
Megapack de Parches Adhesivos,DOTS,799.0,30,6,486,4.8,False,True,False
Kit de Escritorio: Hogwarts™,DOTS,1099.0,30,8,856,3.7,False,True,False
Mickey Mouse y Minnie Mouse: Parche para Coser,DOTS,129.0,30,8,95,4.0,False,True,False
Kit de Fiesta Definitivo,DOTS,1299.0,30,6,1154,4.5,False,True,False
Portalápices Plátano Adorable,DOTS,529.0,30,6,438,4.9,False,True,False
Mickey Mouse y Minnie Mouse: Caja de Proyectos de Vuelta al Cole,DOTS,1099.0,30,6,669,5.0,False,True,False
Pulsera Mis Mascotas,DOTS,129.0,30,6,37,4.0,False,True,False
Pulsera Unicornios Eternos,DOTS,129.0,30,8,37,,False,True,False
Caja Grande,DOTS,799.0,30,7,479,4.0,False,True,False
Rótulo,DOTS,529.0,30,6,531,4.9,False,True,False
DOTS Extra: Edición 8 (Brillos y Destellos),DOTS,99.0,30,6,115,4.9,False,True,False
Portalápices Hedwig™,DOTS,529.0,30,6,518,5.0,False,True,False
Caja del Corazón,DUPLO®,469.0,0,2,80,5.0,False,True,False
Caja de Ladrillos Deluxe,DUPLO®,1299.0,0,2,85,4.1,False,True,False
Caja de Ladrillos,DUPLO®,749.0,0,2,65,4.7,False,True,False
Parque de Atracciones,DUPLO®,2799.0,30,2,95,4.9,False,True,False
Camión y Excavadora con Orugas,DUPLO®,469.0,0,2,20,4.6,False,True,False
Buldócer,DUPLO®,209.0,30,2,10,5.0,False,True,False
Tren de los Números: Aprende a Contar,DUPLO®,499.0,0,2,23,5.0,False,True,False
Momentos de Construcción Creativa,DUPLO®,1099.0,30,2,120,5.0,False,True,False
Tren de vapor,DUPLO®,1599.0,0,2,59,3.3,False,True,False
Tren de Cumpleaños de Mickey y Minnie,DUPLO®,749.0,0,2,22,4.9,False,True,False
Frozen: Castillo de Hielo,DUPLO®,1299.0,30,2,59,4.3,False,True,False
Casa Familiar 3en1,DUPLO®,3399.0,30,3,218,4.9,False,True,False
Castillo Mágico 3en1,DUPLO®,2599.0,0,3,160,4.6,False,True,False
Tren de mercancías,DUPLO®,3399.0,0,2,105,4.7,False,True,False
Tren de los Animales,DUPLO®,499.0,0,2,19,,False,True,False
Diversión en el Autolavado con Rayo McQueen y Mate,DUPLO®,749.0,0,2,29,4.9,False,True,False
Cuidado de Animales en la Granja,DUPLO®,1299.0,0,2,74,,False,True,False
Rutinas Diarias: Hora del Baño,DUPLO®,259.0,0,2,15,,False,True,False
Tren de los Animales,DUPLO®,469.0,30,2,15,5.0,False,True,False
Casa de Pan de Jengibre de Papá Noel,DUPLO®,999.0,0,2,50,5.0,False,True,False
Aventura en Lanzadera Espacial 3en1,DUPLO®,1499.0,0,3,58,,False,True,False
Puente y vías ferroviarias,DUPLO®,599.0,0,2,26,3.5,False,True,False
Spider-Man y sus Amigos: Aventura en la Feria,DUPLO®,1599.0,30,2,41,5.0,False,True,False
Mack en las Carreras,DUPLO®,499.0,0,2,14,,False,True,False
Visita al Centro Veterinario,DUPLO®,499.0,0,2,28,,False,True,False
Camión del Alfabeto,DUPLO®,999.0,0,2,36,,False,True,False
Gente Construible con Grandes Emociones,DUPLO®,1299.0,0,3,71,,False,True,False
Rutinas Diarias: Comer y Dormir,DUPLO®,759.0,0,2,28,,False,True,False
Cuidado de Abejas y Colmenas,DUPLO®,499.0,0,2,22,,False,True,False
Grandes Sentimientos y Emociones,DUPLO®,759.0,0,2,23,,False,True,False
Elsa y Bruni en el Bosque Encantado,DUPLO®,759.0,0,2,31,,False,True,False
Guardería de Dinosaurios,DUPLO®,529.0,30,2,27,4.9,False,True,False
Aparcamiento y Autolavado,DUPLO®,2599.0,30,2,112,4.8,False,True,False
Casa de Spider-Man,DUPLO®,529.0,0,2,25,4.9,False,True,False
Casa del Árbol 3en1,DUPLO®,2299.0,0,3,126,4.8,False,True,False
Fauna Salvaje de Sudamérica,DUPLO®,1399.0,30,2,71,4.8,False,True,False
Misión Planetaria de Buzz Lightyear,DUPLO®,799.0,30,2,37,4.8,False,True,False
Ciudad Alfabeto,DUPLO®,1299.0,0,2,87,4.9,False,True,False
Granja y Animales,DUPLO®,249.0,30,2,11,4.3,False,True,False
Obra,DUPLO®,1599.0,0,2,61,4.8,False,True,False
Salón de Baile de Bella,DUPLO®,529.0,30,2,23,4.7,False,True,False
Base de Construcción Verde LEGO® DUPLO®,DUPLO®,399.0,0,2,1,5.0,False,True,False
Camión de Reciclaje,DUPLO®,499.0,0,2,15,4.9,False,True,False
Huerto Orgánico,DUPLO®,1099.0,0,2,43,4.6,False,True,False
Mis Primeros Cachorrito y Gatito con Sonidos,DUPLO®,1099.0,30,2,22,4.9,False,True,False
Gran Parque de Juegos,DUPLO®,1299.0,0,2,75,4.7,False,True,False
Mercado Orgánico,DUPLO®,749.0,0,2,40,4.9,False,True,False
Paseo en Autobús,DUPLO®,499.0,0,2,16,5.0,False,True,False
Camión de Bomberos,DUPLO®,799.0,0,2,21,4.9,False,True,False
Fauna Salvaje del Mundo,DUPLO®,3499.0,0,2,142,4.9,False,True,False
Aerogenerador y Coche Eléctrico,DUPLO®,259.0,0,2,16,4.4,False,True,False
Diversión en el Baño: Panda Rojo Flotante,DUPLO®,259.0,30,2,5,4.8,False,True,False
Tractor de Frutas y Verduras,DUPLO®,529.0,0,2,19,5.0,False,True,False
Diversión en el Baño: Tren de los Animales Flotante,DUPLO®,529.0,0,2,14,4.5,False,True,False
Vías ferroviarias,DUPLO®,499.0,0,2,23,5.0,False,True,False
Aventura Campestre,DUPLO®,1299.0,0,2,37,5.0,False,True,False
Diversión en el Baño: Isla de los Animales Flotante,DUPLO®,1099.0,30,2,20,4.7,False,True,False
Aprende sobre la Cultura China,DUPLO®,1799.0,30,2,124,4.9,False,True,False
Parque de Bomberos y Helicóptero,DUPLO®,2399.0,0,2,117,4.8,False,True,False
Parque Acuático,DUPLO®,999.0,0,2,19,4.8,False,True,False
Fauna Salvaje de Asia,DUPLO®,2599.0,30,2,116,4.9,False,True,False
Vida en la Guardería,DUPLO®,1149.0,30,2,67,4.8,False,True,False
Casa Familiar con Ruedas,DUPLO®,529.0,0,2,31,4.7,False,True,False
Planta de Zanahoria,DUPLO®,259.0,0,2,11,4.2,False,True,False
Comisaría de Policía y Helicóptero,DUPLO®,1299.0,0,2,40,5.0,False,True,False
Fauna Salvaje del Océano,DUPLO®,529.0,0,2,32,4.9,False,True,False
Fauna Salvaje de África,DUPLO®,259.0,0,2,10,3.0,False,True,False
Visita Médica,DUPLO®,529.0,30,2,34,4.9,False,True,False
Fauna Salvaje de Europa,DUPLO®,1899.0,0,2,85,5.0,False,True,False
Moto de Policía,DUPLO®,259.0,0,2,5,5.0,False,True,False
Misión de la Lanzadera Espacial,DUPLO®,469.0,0,2,23,5.0,False,True,False
Jardín Botánico,Friends,1999.0,0,12,1072,5.0,False,True,False
Mansión Moderna de Andrea,Friends,4999.0,0,14,2275,,False,True,False
Floristería y Tienda de Diseño del Centro,Friends,3999.0,20,12,2010,4.8,False,True,False
Casas Familiares de Olly y Paisley,Friends,2599.0,0,7,1126,,False,True,False
Escuela de Arte de Emma,Friends,1899.0,30,8,844,4.9,False,True,False
Edificio de la Calle Principal,Friends,3999.0,30,8,1682,5.0,False,True,False
Casita con Ruedas,Friends,1599.0,0,7,785,4.9,False,True,False
Centro Comercial de Heartlake City,Friends,2999.0,0,8,1237,,False,True,False
Hospital de Heartlake City,Friends,2799.0,0,7,1045,,False,True,False
Centro Comunitario de Heartlake City,Friends,3699.0,0,9,1513,4.9,False,True,False
Cocina Comunitaria de Heartlake City,Friends,1699.0,0,8,695,5.0,False,True,False
Restaurante Clásico de Heartlake,Friends,749.0,0,6,346,5.0,False,True,False
Supermercado Orgánico,Friends,2299.0,30,8,830,4.9,False,True,False
Coche Eléctrico de Olivia,Friends,349.0,30,6,183,4.9,False,True,False
Tienda de Dónuts,Friends,259.0,30,4,63,5.0,False,True,False
Academia Espacial de Olivia,Friends,1799.0,30,8,757,4.9,False,True,False
Vehículo de Salvamento de Tortugas,Friends,259.0,30,6,90,4.8,False,True,False
Calendario de Adviento 2023 LEGO® Friends,Friends,869.0,30,6,231,3.1,False,True,False
Escuela Internacional de Heartlake,Friends,2599.0,0,8,985,4.8,False,True,False
Boutique de Moda Móvil,Friends,259.0,30,6,94,4.9,False,True,False
Casa de Paisley,Friends,999.0,0,4,185,5.0,False,True,False
Puesto Móvil de Té de Burbujas,Friends,259.0,30,6,109,4.6,False,True,False
Peluquería,Friends,999.0,20,6,401,4.8,False,True,False
Aventura en el Iglú,Friends,1299.0,30,8,491,4.9,False,True,False
Autobús de Heartlake City,Friends,1299.0,0,7,480,4.7,False,True,False
Base Espacial de Marte y Cohete,Friends,1999.0,0,8,981,,False,True,False
Pastelería Móvil,Friends,279.0,0,6,125,,False,True,False
Autobús de Gran Gira Musical,Friends,2199.0,0,8,845,,False,True,False
Espectáculo de Talentos Musicales de Heartlake City,Friends,1599.0,0,7,669,,False,True,False
Bosque: Cascada,Friends,249.0,30,5,93,4.8,False,True,False
Fiesta Musical de Karaoke,Friends,499.0,0,6,196,,False,True,False
Albergue de Animales de Granja,Friends,1399.0,0,6,489,,False,True,False
Vehículo de Observación de Estrellas,Friends,759.0,0,7,364,,False,True,False
Aventura en el Parque Felino,Friends,279.0,0,5,87,,False,True,False
Escuela de Teatro de Andrea,Friends,2599.0,30,8,1154,4.8,False,True,False
Tienda de Moda Retro,Friends,1149.0,0,6,409,,False,True,False
Coche Eléctrico y Cargador,Friends,399.0,0,6,170,,False,True,False
Parque para Hámsters,Friends,499.0,0,6,167,,False,True,False
Ambulancia del Hospital de Heartlake City,Friends,869.0,0,6,344,,False,True,False
Hotel Felino,Friends,749.0,30,6,445,5.0,False,True,False
Puesto de Tortitas,Friends,279.0,0,6,157,5.0,False,True,False
Casa del Árbol de la Amistad,Friends,2099.0,0,8,1114,4.6,False,True,False
Camión de Perritos Calientes,Friends,499.0,0,4,100,,False,True,False
Minitienda de Accesorios,Friends,279.0,0,6,129,,False,True,False
Parque de Atracciones en la Playa,Friends,2999.0,0,12,1348,4.8,False,True,False
Centro de Día para Mascotas,Friends,1799.0,30,7,593,4.9,False,True,False
Camión de los Helados,Friends,529.0,30,4,84,4.9,False,True,False
Divertido Buggy Playero,Friends,279.0,0,4,61,4.4,False,True,False
Habitación de Nova,Friends,499.0,0,6,179,4.8,False,True,False
Casa de Autumn,Friends,1799.0,0,7,853,4.9,False,True,False
Habitación de Liann,Friends,499.0,0,6,204,5.0,False,True,False
Pista de Esquí y Cafetería,Friends,1999.0,0,9,980,4.9,False,True,False
Parque Acuático,Friends,1299.0,30,6,373,4.9,False,True,False
Bici de Rescate Canino,Friends,259.0,0,6,125,4.9,False,True,False
Granja Orgánica,Friends,2399.0,30,7,826,5.0,False,True,False
Vehículo de Plantación de Árboles,Friends,799.0,30,6,336,4.9,False,True,False
Excursión de Vacaciones,Friends,499.0,20,4,87,4.8,False,True,False
Habitación de Leo,Friends,499.0,0,6,203,4.8,False,True,False
Pizzería de Heartlake City,Friends,399.0,30,5,144,4.9,False,True,False
Salón Recreativo Roller Disco,Friends,1599.0,30,7,642,4.9,False,True,False
Unidad Móvil de Noticias,Friends,759.0,0,6,446,4.9,False,True,False
Centro de Rescate Canino,Friends,1499.0,0,7,617,5.0,False,True,False
Cobertizo del Ternero de Autumn,Friends,279.0,0,5,79,,False,True,False
Día de Adopción de Mascotas,Friends,1149.0,0,6,400,,False,True,False
Remolque para Caballo y Poni,Friends,499.0,0,4,105,,False,True,False
Avión de Rescate Marítimo,Friends,499.0,0,6,203,5.0,False,True,False
Camión de Reciclaje,Friends,529.0,30,6,259,4.7,False,True,False
Barco de Rescate Marítimo,Friends,1999.0,0,7,717,4.8,False,True,False
Aventura Marinera de Stephanie,Friends,1099.0,0,7,304,5.0,False,True,False
Centro Deportivo,Friends,2399.0,0,8,832,4.9,False,True,False
Clínica Veterinaria de Animales de Granja,Friends,759.0,0,4,161,,False,True,False
Parque de Skate,Friends,1299.0,20,6,431,4.9,False,True,False
Clase de Equitación,Friends,759.0,0,4,134,5.0,False,True,False
Habitación de Aliya,Friends,499.0,0,6,209,4.8,False,True,False
Furgoneta de Rescate Canino,Friends,749.0,20,6,300,4.7,False,True,False
Establo de Autumn,Friends,1499.0,0,7,545,4.7,False,True,False
Estación de Lavado de Ponis,Friends,259.0,30,4,60,4.9,False,True,False
Centro de Rescate Marítimo,Friends,1299.0,0,7,376,4.7,False,True,False
Rescate de la Fauna Salvaje de Mia,Friends,1299.0,30,7,430,4.9,False,True,False
Glamping en la Playa,Friends,1099.0,30,6,380,4.9,False,True,False
Cafetería de Adopción de Mascotas,Friends,799.0,30,6,292,4.9,False,True,False
Remolque de Exhibición Equina,Friends,2599.0,0,8,989,5.0,False,True,False
Banco Mágico Gringotts™: Edición para Coleccionistas,Harry Potter™,10499.0,0,18,4801,4.8,False,False,True
Castillo de Hogwarts™,Harry Potter™,10999.0,0,16,6020,4.7,False,False,True
Castillo y Terrenos de Hogwarts™,Harry Potter™,4199.0,0,18,2660,4.6,False,False,True
Callejón Diagon,Harry Potter™,10499.0,0,16,5544,4.6,False,False,True
Dobby™ el Elfo Doméstico,Harry Potter™,869.0,0,8,403,4.8,False,False,False
Iconos de Hogwarts™: Edición para Coleccionistas,Harry Potter™,7499.0,0,18,3010,4.8,False,False,True
Dragón Colacuerno Húngaro,Harry Potter™,1299.0,0,10,671,4.6,False,False,False
Expreso de Hogwarts: Edición para Coleccionistas,Harry Potter™,12499.0,30,18,5129,3.9,False,False,True
Batalla de Hogwarts™,Harry Potter™,1999.0,0,9,730,4.6,False,False,False
Expecto Patronum,Harry Potter™,1799.0,0,14,754,4.4,False,False,True
Ministerio de Magia,Harry Potter™,2599.0,30,9,990,3.6,False,False,False
Ford Anglia™ Volador,Harry Potter™,349.0,0,7,165,,False,False,False
Hogwarts™: Sala de los Menesteres,Harry Potter™,1299.0,20,8,587,4.8,False,False,False
Hogwarts™: Cámara Secreta,Harry Potter™,3999.0,0,9,1176,4.4,False,False,False
Cabaña de Hagrid: Una Visita Inesperada,Harry Potter™,1899.0,0,8,896,,False,False,False
Callejón Diagon: Sortilegios Weasley,Harry Potter™,2299.0,0,8,834,4.9,False,False,False
Ala de Enfermería de Hogwarts™,Harry Potter™,1299.0,30,8,510,4.6,False,False,False
Torneo de los Tres Magos: El Lago Negro,Harry Potter™,1099.0,0,8,349,4.7,False,False,False
"Harry, Hermione, Ron y Hagrid™",Harry Potter™,619.0,30,10,466,4.7,False,False,False
Llavero de Hermione,Harry Potter™,149.0,0,6,1,,True,False,False
Lechucería del Castillo de Hogwarts™,Harry Potter™,1149.0,0,8,364,,False,False,False
Patio de Hogwarts™: Rescate de Sirius,Harry Potter™,1299.0,30,8,345,2.9,False,False,False
Estandarte de la Casa Slytherin™,Harry Potter™,849.0,30,9,349,3.7,False,False,False
Visita a la Aldea de Hogsmeade™,Harry Potter™,2299.0,0,8,851,4.5,False,False,False
Harry Potter™ y Cho Chang,Harry Potter™,499.0,0,10,267,5.0,False,False,False
Bosque Prohibido: Criaturas Mágicas,Harry Potter™,759.0,0,8,172,,False,False,False
Tren Hogwarts Express™ con estación de Hogsmeade™,Harry Potter™,3399.0,0,8,1074,4.6,False,False,False
Hogwarts™: Despacho de Dumbledore,Harry Potter™,2099.0,0,8,654,4.7,False,False,False
Casa de los Gritos y Sauce Boxeador,Harry Potter™,2399.0,0,9,777,4.8,False,False,False
Baúl de Quidditch™,Harry Potter™,1699.0,0,9,599,4.4,False,False,False
Cobertizo del Castillo de Hogwarts™,Harry Potter™,949.0,0,8,350,,False,False,False
Número 12 de Grimmauld Place,Harry Potter™,3199.0,0,8,1083,4.3,False,False,False
Torre de Astronomía de Hogwarts™,Harry Potter™,2599.0,0,9,971,4.5,False,False,False
Baúl Mágico de Hogwarts™,Harry Potter™,1599.0,30,8,603,4.2,False,False,False
LEGO® Harry Potter™: Calendario de Adviento 2023,Harry Potter™,1149.0,30,7,227,4.0,False,False,False
Carruaje y Thestrals de Hogwarts™,Harry Potter™,529.0,0,7,121,4.5,False,False,False
Hedwig™ en el Número 4 de Privet Drive,Harry Potter™,499.0,0,7,337,,False,False,False
Estandarte de la Casa Gryffindor™,Harry Potter™,849.0,30,9,285,4.4,False,False,False
Llavero de Voldemort™,Harry Potter™,149.0,30,6,1,,True,False,False
Número 4 de Privet Drive,Harry Potter™,1999.0,0,8,797,4.7,False,False,False
Pack de Accesorios: Hogwarts™,Harry Potter™,349.0,30,8,234,2.7,False,False,False
Profesores de Hogwarts™,Harry Potter™,999.0,30,10,601,4.8,False,False,False
Llavero de Dumbledore,Harry Potter™,149.0,30,6,1,5.0,True,False,False
Draco Malfoy™ y Cedric Diggory,Harry Potter™,499.0,0,10,262,5.0,False,False,False
Kit de Escritorio: Hogwarts™,Harry Potter™,1099.0,30,8,856,3.7,False,False,False
Kingsley Shacklebolt™ y Nymphadora Tonks™,Harry Potter™,499.0,20,10,250,5.0,False,False,False
Llavero de Harry Potter™,Harry Potter™,149.0,0,6,1,5.0,True,False,False
Hogwarts™: Fallo de la Poción Multijugos,Harry Potter™,469.0,0,7,217,4.8,False,False,False
Estandarte de la Casa Hufflepuff™,Harry Potter™,849.0,20,9,313,4.3,False,False,False
Hedwig™,Harry Potter™,999.0,0,10,630,4.6,False,False,False
Estandarte de la Casa Ravenclaw™,Harry Potter™,849.0,30,9,305,4.3,False,False,False
Portalápices Hedwig™,Harry Potter™,529.0,30,6,518,5.0,False,False,False
Llavero de Ron,Harry Potter™,149.0,20,6,1,,True,False,False
Cámara Polaroid OneStep SX-70,Ideas,1999.0,0,18,516,4.6,False,True,True
Tren Orient Express,Ideas,7499.0,0,18,2540,4.0,False,True,True
The Office,Ideas,2999.0,0,18,1164,4.5,False,True,True
Vincent van Gogh: La Noche Estrellada,Ideas,4299.0,0,18,2316,4.9,False,True,True
LEGO® Ideas: Home Alone,Ideas,7299.0,0,18,3955,4.8,False,True,True
Historias de la Era Espacial,Ideas,1299.0,0,18,688,4.8,False,True,True
Colección de Insectos,Ideas,1999.0,0,18,1111,4.9,False,True,True
Disney El Retorno de las Brujas: Cabaña de las Hermanas Sanderson,Ideas,5499.0,0,18,2316,4.6,False,True,True
Globo Terráqueo,Ideas,5499.0,0,18,2585,4.6,False,True,True
Cabaña en A,Ideas,4299.0,0,18,2082,4.9,False,True,True
BTS Dynamite,Ideas,2599.0,20,18,749,4.7,False,True,True
Cuarteto de Jazz,Ideas,2599.0,0,18,1606,4.7,False,True,True
Casa del Árbol,Ideas,5799.0,0,16,3036,4.6,False,True,True
LEGO® Ideas: Fender® Stratocaster™,Ideas,2999.0,0,18,1074,4.7,False,True,True
Máquina de Escribir,Ideas,6199.0,0,18,2079,4.4,False,True,True
Poblado Vikingo,Ideas,3399.0,0,18,2103,4.8,False,True,True
Piano de Cola,Ideas,9499.0,0,18,3662,5.0,False,True,True
Faro Motorizado,Ideas,7499.0,30,18,2065,4.6,False,True,True
Sonic the Hedgehog™ – Green Hill Zone,Ideas,1999.0,0,18,1125,4.6,False,True,True
Futbolín,Ideas,6199.0,40,18,2339,3.9,False,True,True
Winnie the Pooh,Ideas,2599.0,0,18,1265,4.7,False,True,True
Herrería Medieval,Ideas,4299.0,0,18,2164,4.9,False,True,True
Árbol de la Familia,Ideas,1999.0,0,18,1040,,False,True,True
Fósiles de Dinosaurio: Cráneo de T. rex,Jurassic World,999.0,0,9,577,,False,False,False
Fuga del T. rex,Jurassic World,2599.0,0,18,1212,4.6,False,False,True
Centro de Rescate de Crías de Dinosaurio,Jurassic World,999.0,0,4,139,,False,False,False
Descubrimiento del Braquiosaurio,Jurassic World,1999.0,0,9,512,4.4,False,False,False
Emboscada al Dilofosaurio,Jurassic World,499.0,0,6,211,4.6,False,False,False
Análisis del Triceratops,Jurassic World,1299.0,0,8,281,3.9,False,False,False
Huida del Velocirraptor,Jurassic World,999.0,0,4,137,3.1,False,False,False
Persecución en Moto del Dinosaurio Atrocirraptor,Jurassic World,529.0,30,6,169,4.6,False,False,False
Centro de Visitantes: T. rex y Ataque del Raptor,Jurassic World,3399.0,30,12,693,4.3,False,False,False
Ataque del Giganotosaurio y el Therizinosaurio,Jurassic World,3699.0,0,9,810,4.9,False,False,False
Fuga de los Dinosaurios T. rex y Atrocirraptor,Jurassic World,2599.0,30,8,466,4.7,False,False,False
Emboscada en Furgoneta del Triceratops,Jurassic World,1099.0,30,7,210,5.0,False,False,False
Fuga del Dinosaurio T. rex,Jurassic World,1299.0,0,4,140,4.3,False,False,False
Captura de los Velocirraptores Blue y Beta,Jurassic World,799.0,0,6,181,4.8,False,False,False
Emboscada Aérea del Quetzalcoatlus,Jurassic World,1099.0,30,7,306,4.9,False,False,False
Transporte del Pyrorraptor y el Dilofosaurio,Jurassic World,1099.0,0,7,254,4.4,False,False,False
Caza del Pteranodon,Jurassic World,529.0,30,4,94,4.8,False,False,False
MiniNook y casa de Minina,LEGO® Animal Crossing™,1899.0,0,7,535,,False,False,False
La visita de Canela,LEGO® Animal Crossing™,999.0,0,6,389,,False,False,False
Paseo en barca con el Capitán,LEGO® Animal Crossing™,759.0,0,6,233,,False,False,False
Fiesta de cumpleaños de Azulino,LEGO® Animal Crossing™,349.0,0,6,170,,False,False,False
Bunnie's Outdoor Activities,LEGO® Animal Crossing™,499.0,0,6,164,,False,False,False
Hokusai: La Gran Ola,LEGO® Art,2599.0,0,18,1810,4.7,False,True,True
El Increíble Spider-Man,LEGO® Art,4999.0,0,18,2099,5.0,False,True,True
Arte Floral,LEGO® Art,2099.0,30,18,2870,4.3,False,True,True
Colección Fauna: Guacamayos,LEGO® Art,1499.0,0,18,644,5.0,False,True,True
The Rolling Stones,LEGO® Art,3999.0,30,18,1998,3.1,False,True,True
Arte Moderno,LEGO® Art,1299.0,0,18,805,3.7,False,True,True
Jim Lee: Colección de Batman™,LEGO® Art,3199.0,30,18,4167,4.8,False,True,True
Mapamundi,LEGO® Art,6199.0,0,18,11695,4.3,False,True,True
Toruk Makto y Árbol de las Almas,LEGO® Avatar,3999.0,0,12,1212,4.7,False,False,False
Montañas Flotantes: Sector 26 y Samson de la RDA,LEGO® Avatar,2599.0,40,9,887,4.8,False,False,False
Primer Vuelo en Banshee de Jake y Neytiri,LEGO® Avatar,1599.0,0,9,572,4.9,False,False,False
Neytiri y Thanator vs. Quaritch con Armadura AMP,LEGO® Avatar,1099.0,30,9,560,4.8,False,False,False
Descubrimiento del Ilu,LEGO® Avatar,599.0,0,8,179,5.0,False,False,False
Aventura en Skimwing,LEGO® Avatar,849.0,0,8,259,4.8,False,False,False
Submarino Mako,LEGO® Avatar,1499.0,30,9,553,4.8,False,False,False
Jake Sully y su Avatar,LEGO® Avatar,499.0,40,10,246,5.0,False,False,False
Payakan el Tulkun y Crabsuit,LEGO® Avatar,2599.0,30,10,761,4.7,False,False,False
Hogar en el Arrecife de los Metkayina,LEGO® Avatar,1999.0,30,9,528,4.8,False,False,False
Navetiburón de las Pesadillas,LEGO® DREAMZzz™,3699.0,0,10,1389,4.8,False,True,False
Aldea de los Sueños,LEGO® DREAMZzz™,699.0,0,7,434,4.8,False,True,False
Furgoneta-Tortuga de la Sra. Castillo,LEGO® DREAMZzz™,1199.0,0,7,434,4.9,False,True,False
Globo-Narval de Izzie,LEGO® DREAMZzz™,399.0,0,7,156,,False,True,False
Mateo y Z-Blob Robot,LEGO® DREAMZzz™,499.0,0,7,237,4.9,False,True,False
Coche Todoterreno de Mateo,LEGO® DREAMZzz™,259.0,0,7,94,,False,True,False
Torre del Sandman,LEGO® DREAMZzz™,2299.0,0,9,723,,False,True,False
Coche Espacial del Sr. Oz,LEGO® DREAMZzz™,759.0,0,8,350,,False,True,False
Zoey y Zian el Gato-Búho,LEGO® DREAMZzz™,1299.0,0,9,437,,False,True,False
Casa del Árbol Fantástica,LEGO® DREAMZzz™,2799.0,0,9,1257,4.9,False,True,False
Autobús Espacial del Sr. Oz,LEGO® DREAMZzz™,2599.0,0,9,878,5.0,False,True,False
Coche-Cocodrilo,LEGO® DREAMZzz™,1499.0,0,8,494,4.9,False,True,False
Monstruo de la Jaula,LEGO® DREAMZzz™,949.0,0,7,274,5.0,False,True,False
Caballo Volador Pegaso,LEGO® DREAMZzz™,1299.0,0,8,482,4.9,False,True,False
Izzie y el Conejo Bunchu,LEGO® DREAMZzz™,499.0,0,7,259,5.0,False,True,False
Establo de Criaturas de los Sueños,LEGO® DREAMZzz™,1999.0,0,8,681,4.8,False,True,False
La Casa de Muñecas de Gabby,LEGO® La Casa de Muñecas de Gabby,1999.0,0,4,498,4.3,False,False,False
Fiesta en el Jardín de Hadigata,LEGO® La Casa de Muñecas de Gabby,869.0,0,4,130,5.0,False,False,False
Barco y Spa de Gabby y Siregata,LEGO® La Casa de Muñecas de Gabby,499.0,0,4,88,4.8,False,False,False
Horno de Muffin,LEGO® La Casa de Muñecas de Gabby,279.0,0,4,58,5.0,False,False,False
Ramo de Rosas,LEGO® Icons,1499.0,0,18,822,5.0,False,True,True
Plantas Diminutas,LEGO® Icons,1299.0,0,18,758,4.8,False,True,True
Ramo de Flores Silvestres,LEGO® Icons,1499.0,0,18,939,4.9,False,True,True
Bonsái,LEGO® Icons,1299.0,0,18,878,4.5,False,True,True
Orquídeas,LEGO® Icons,1299.0,0,18,608,4.8,False,True,True
Torre Eiffel,LEGO® Icons,14999.0,0,18,10001,4.2,False,True,True
LEGO®: Titanic,LEGO® Icons,16499.0,0,18,9090,4.8,False,True,True
Ramo de Flores,LEGO® Icons,1499.0,0,18,756,4.9,False,True,True
Museo de Historia Natural,LEGO® Icons,7499.0,0,18,4014,4.7,False,True,True
Concorde,LEGO® Icons,4999.0,0,18,2083,4.8,False,True,True
Máquina de PAC-MAN,LEGO® Icons,6699.0,0,18,2651,4.8,False,True,True
Castillo de los Caballeros del León,LEGO® Icons,9499.0,30,18,4514,4.7,False,True,True
EL SEÑOR DE LOS ANILLOS: RIVENDEL,LEGO® Icons,12499.0,0,18,6167,4.9,False,True,True
Corvette,LEGO® Icons,3999.0,0,18,1210,4.8,False,True,True
Suculentas,LEGO® Icons,1299.0,0,18,771,4.8,False,True,True
Jardín Meditativo,LEGO® Icons,2799.0,0,18,1363,5.0,False,True,True
Chevrolet Camaro Z28,LEGO® Icons,4099.0,30,18,1456,4.7,False,True,True
Refugio Alpino,LEGO® Icons,2599.0,0,18,1517,4.7,False,True,True
Centro de Flores Secas,LEGO® Icons,1299.0,0,18,812,4.7,False,True,True
Porsche 911,LEGO® Icons,4099.0,0,18,1458,4.6,False,True,True
Máquina del Tiempo de Regreso al Futuro,LEGO® Icons,4999.0,0,18,1872,4.5,False,True,True
Montaña Rusa con Rizos,LEGO® Icons,9499.0,30,18,3756,4.0,False,True,True
Fortaleza Eldorado,LEGO® Icons,5299.0,0,18,2509,4.7,False,True,True
Transbordador Espacial Discovery de la NASA,LEGO® Icons,4999.0,0,18,2354,4.8,False,True,True
Vespa 125,LEGO® Icons,2599.0,0,18,1107,3.9,False,True,True
Club de Jazz,LEGO® Icons,5499.0,0,18,2899,4.2,False,True,True
Atari® 2600,LEGO® Icons,5799.0,30,18,2532,4.8,False,True,True
Dune: Atreides Royal Ornithopter,LEGO® Icons,4099.0,0,18,1369,,False,True,True
Land Rover Classic Defender 90,LEGO® Icons,5799.0,0,18,2336,4.3,False,True,True
ECTO-1 de los Cazafantasmas,LEGO® Icons,5799.0,0,18,2352,4.6,False,True,True
Casa Encantada de la Feria,LEGO® Icons,7299.0,0,18,3231,4.5,False,True,True
Hotel Boutique,LEGO® Icons,5499.0,0,18,3066,4.5,False,True,True
Optimus Prime,LEGO® Icons,4299.0,0,18,1508,4.2,False,True,True
Furgoneta Clásica,LEGO® Icons,3399.0,0,18,1677,4.1,False,True,True
Calle Principal en Navidad,LEGO® Icons,2599.0,0,18,1514,4.3,False,True,True
Galaxy Explorer,LEGO® Icons,2599.0,30,18,1254,4.8,False,True,True
Coliseo,LEGO® Icons,12999.0,30,18,9036,4.3,False,True,True
Estadio del Real Madrid – Santiago Bernabéu,LEGO® Icons,9499.0,30,18,5876,4.8,False,True,True
Apartamentos de Friends,LEGO® Icons,4299.0,0,18,2048,4.6,False,True,True
Ave del Paraíso,LEGO® Icons,2599.0,0,18,1173,4.6,False,True,True
Comisaría de Policía,LEGO® Icons,4999.0,30,18,2923,4.5,False,True,True
Visita de Papá Noel,LEGO® Icons,2599.0,20,18,1445,4.8,False,True,True
Huida de la Tumba Perdida,LEGO® Indiana Jones™,999.0,30,8,600,4.8,False,False,False
Templo del Ídolo Dorado,LEGO® Indiana Jones™,3999.0,0,18,1545,4.8,False,False,True
Persecución del Caza,LEGO® Indiana Jones™,849.0,0,8,387,4.6,False,False,False
Planta Piraña,LEGO® Super Mario™,1499.0,0,18,540,4.7,False,False,True
Nintendo Entertainment System™,LEGO® Super Mario™,6499.0,0,18,2646,4.7,False,False,True
El Poderoso Bowser™,LEGO® Super Mario™,6499.0,0,18,2807,5.0,False,False,True
Pack Inicial: Aventuras con Mario,LEGO® Super Mario™,1499.0,0,6,231,3.5,False,False,False
Bloque Interrogación de Super Mario 64™,LEGO® Super Mario™,4999.0,0,18,2064,4.7,False,False,True
Set de Expansión: Coche monstruoso de Bowser,LEGO® Super Mario™,759.0,0,8,458,,False,False,False
Set de Expansión: Aventura en la nieve de la familia Pingüi,LEGO® Super Mario™,469.0,0,7,228,5.0,False,False,False
Set de Expansión: Caco Gazapo en la tienda de Toad,LEGO® Super Mario™,469.0,0,7,230,,False,False,False
Set de Expansión: Huevo de Yoshi en el bosque,LEGO® Super Mario™,259.0,0,6,107,,False,False,False
Set de Expansión: Dorrie y el buque naufragado,LEGO® Super Mario™,1149.0,0,7,500,,False,False,False
Pack Inicial: Aventuras con Peach,LEGO® Super Mario™,1499.0,0,6,354,4.3,False,False,False
Set de Expansión: Batalla contra Bowsitos en el castillo,LEGO® Super Mario™,2799.0,0,8,1321,4.5,False,False,False
Set de Expansión: Fortalezas aéreas de Larry y Morton,LEGO® Super Mario™,1999.0,0,8,1062,5.0,False,False,False
Set de Expansión: Cabezazo del Picacóndor,LEGO® Super Mario™,349.0,30,6,130,4.5,False,False,False
Set de Expansión: Casa del árbol de Donkey Kong,LEGO® Super Mario™,1499.0,0,8,555,4.9,False,False,False
Set de Expansión: Castillo de Peach,LEGO® Super Mario™,3499.0,0,8,1216,2.9,False,False,False
Pack Inicial: Aventuras con Luigi,LEGO® Super Mario™,1499.0,0,6,280,4.8,False,False,False
Set de Expansión: Desafío en las nubes del Gran Spike,LEGO® Super Mario™,1899.0,30,7,540,3.4,False,False,False
Set de Expansión: Traje de Mario de Hielo y Mundo Helado,LEGO® Super Mario™,599.0,20,6,105,4.5,False,False,False
Set de Expansión: Zapato Goomba,LEGO® Super Mario™,259.0,30,6,76,4.5,False,False,False
"Set de Expansión: Rambi, el rinoceronte",LEGO® Super Mario™,279.0,0,7,106,4.0,False,False,False
Set de Expansión: Casa-regalo de Yoshi,LEGO® Super Mario™,799.0,30,6,246,5.0,False,False,False
Set de Expansión: Torre de Hielo y Traje de Peach Felina,LEGO® Super Mario™,2099.0,30,7,494,5.0,False,False,False
Set de Expansión: Gran ola de lava,LEGO® Super Mario™,849.0,20,7,218,4.9,False,False,False
Set de Expansión: Vagoneta minera de Diddy Kong,LEGO® Super Mario™,2799.0,0,8,1157,5.0,False,False,False
Set de Expansión: Pícnic en casa de Mario,LEGO® Super Mario™,949.0,0,6,259,4.7,False,False,False
Set de Expansión: Aventura en la nieve de la Morsik,LEGO® Super Mario™,1599.0,20,7,567,4.9,False,False,False
Set de Expansión: Paseo en globo por el jardín de Peach,LEGO® Super Mario™,1299.0,0,7,453,4.9,False,False,False
Set de Expansión: Jaleo en la jungla con Dixie Kong,LEGO® Super Mario™,679.0,0,7,174,4.7,False,False,False
Set de Creación: Caja de herramientas creativas,LEGO® Super Mario™,1499.0,20,6,588,5.0,False,False,False
Packs de Personajes: Edición 6,LEGO® Super Mario™,159.0,30,7,52,3.9,False,False,False
Set de Expansión: Gran Isla del Mal,LEGO® Super Mario™,1099.0,30,7,354,4.9,False,False,False
EL SEÑOR DE LOS ANILLOS: RIVENDEL,Lord of the Rings™,12499.0,0,18,6167,4.9,False,False,True
Aragorn™ y Arwen™,Lord of the Rings™,499.0,20,10,261,5.0,False,False,False
Frodo™ y Gollum™,Lord of the Rings™,359.0,20,10,184,4.7,False,False,False
Gandalf el Gris y Balrog™,Lord of the Rings™,499.0,0,10,348,4.7,False,False,False
Torre de los Vengadores,Marvel,12499.0,0,18,5201,4.8,False,False,True
Batalla Final de Spider-Man,Marvel,2799.0,0,10,900,4.8,False,False,False
Spiderman vs. Sandman: Batalla Final,Marvel,949.0,0,10,347,5.0,False,False,False
X-Jet de los X-Men,Marvel,2199.0,0,8,359,2.5,False,False,False
Máscara de Spider-Man,Marvel,1799.0,0,18,487,,False,False,True
Daily Bugle,Marvel,8699.0,0,18,3772,4.6,False,False,True
Guantelete del Infinito,Marvel,1999.0,0,18,590,5.0,False,False,True
Llavero de Miles Morales,Marvel,149.0,0,6,1,5.0,True,False,False
Escudo del Capitán América,Marvel,4999.0,0,18,3128,4.7,False,False,True
Santuario,Marvel,6199.0,30,18,2708,4.6,False,False,True
Armadura Robótica de Máquina de Guerra,Marvel,349.0,0,6,154,,False,False,False
Persecución en Moto: Spider-Man vs. Doc Ock,Marvel,259.0,0,6,77,,False,False,False
Figura de Miles Morales,Marvel,649.0,30,8,238,4.5,False,False,False
Quinjet de los Vengadores,Marvel,2599.0,0,9,795,4.8,False,False,False
Hulkbuster: Batalla de Wakanda,Marvel,1299.0,0,8,385,4.0,False,False,False
Nanoguantelete,Marvel,1799.0,0,18,675,4.4,False,False,True
Martillo de Thor,Marvel,2599.0,0,18,979,4.4,False,False,True
El Increíble Spider-Man,Marvel,4999.0,0,18,2099,5.0,False,False,True
Armadura Robótica de Venom vs. Miles Morales,Marvel,349.0,0,6,134,,False,False,False
Figura de Spider-Man,Marvel,649.0,0,8,258,5.0,False,False,False
Nave de Baby Rocket,Marvel,849.0,0,8,330,4.8,False,False,False
Base de los Guardianes de la Galaxia,Marvel,259.0,0,7,67,4.6,False,False,False
Llavero de Spider-Man,Marvel,149.0,0,6,1,,True,False,False
Rocket y Bebé Groot,Marvel,1499.0,0,10,566,5.0,False,False,False
Llavero de Loki,Marvel,149.0,0,6,1,,True,False,False
Coche de Carreras de Spider-Man y Duende Verde Venomizado,Marvel,869.0,0,7,227,,False,False,False
Llavero de la Bruja Escarlata,Marvel,149.0,0,6,1,4.5,True,False,False
Llavero de Spider Fantasma,Marvel,149.0,0,6,1,,True,False,False
Warbird de Rocket vs. Ronan,Marvel,949.0,0,8,290,,False,False,False
Calendario de Adviento de Los Vengadores,Marvel,1149.0,30,7,243,1.9,False,False,False
Yo Soy Groot,Marvel,1399.0,0,10,476,4.5,False,False,False
Hulkbuster​,Marvel,12999.0,20,18,4049,3.8,False,False,True
Meca y Moto del Motorista Fantasma,Marvel,849.0,0,7,264,4.8,False,False,False
Figura de Venom,Marvel,649.0,30,8,297,4.4,False,False,False
Cuartel General Arácnido del Equipo Spidey,Marvel,1399.0,0,4,193,,False,False,False
Armadura Robótica de Thanos,Marvel,349.0,30,6,113,4.3,False,False,False
Armería de Iron Man,Marvel,2399.0,30,7,496,2.8,False,False,False
Groot Venomizado,Marvel,1299.0,0,10,630,4.5,False,False,False
Motos de Viuda Negra y el Capitán América,Marvel,399.0,0,6,130,4.6,False,False,False
Batalla Final de Endgame,Marvel,2599.0,30,10,794,4.6,False,False,False
Black Panther,Marvel,8699.0,40,18,2961,3.8,False,False,True
Armadura Robótica de Rocket,Marvel,349.0,0,6,98,4.2,False,False,False
Base Móvil del Equipo Spidey,Marvel,1299.0,0,4,187,5.0,False,False,False
Spidey vs. Duende Verde,Marvel,499.0,0,4,84,,False,False,False
Hoopty,Marvel,2299.0,0,8,420,2.7,False,False,False
Llavero de Groot,Marvel,149.0,0,6,1,,True,False,False
Figura para Construir: Lobezno,Marvel,829.0,0,8,327,4.6,False,False,False
Figura para Construir: Capitán América,Marvel,829.0,0,8,310,4.8,False,False,False
Garras de Adamantium de Wolverine,Marvel,1799.0,0,18,596,4.3,False,False,True
Llavero de Black Panther,Marvel,149.0,30,6,1,5.0,True,False,False
Llavero de Iron Man,Marvel,149.0,0,6,1,,True,False,False
Casco de Star-Lord,Marvel,1999.0,0,18,602,4.5,False,False,True
Venom,Marvel,1799.0,0,18,565,4.2,False,False,True
Figura de Iron Man,Marvel,1099.0,0,9,381,4.7,False,False,False
Coche de Spider-Man y Doc Ock,Marvel,259.0,0,4,48,5.0,False,False,False
LEGO® Minifigures Marvel: 2ª Edición,Marvel,129.0,30,5,10,2.2,False,False,False
Sala del Trono del Rey Namor,Marvel,799.0,0,7,355,4.0,False,False,False
Miles Morales vs. Morbius,Marvel,599.0,0,7,220,4.9,False,False,False
Figura para Construir: Ant-Man,Marvel,849.0,0,8,289,4.7,False,False,False
Ataque sobre Nuevo Asgard,Marvel,529.0,30,7,159,5.0,False,False,False
Llavero de Carnage,Marvel,149.0,30,6,1,5.0,True,False,False
Cuartel General Arácnido de Spider-Man,Marvel,1299.0,0,4,155,5.0,False,False,False
Black Panther: Guerra en las Aguas,Marvel,2299.0,30,8,545,3.6,False,False,False
Iron Spider-Man,Marvel,249.0,0,10,91,,False,False,False
Llavero de la Capitana Marvel,Marvel,149.0,20,6,1,4.0,True,False,False
Camiones de Combate de Hulk y Rino,Marvel,529.0,0,4,110,4.8,False,False,False
Hulkbuster de Iron Man vs. Thanos,Marvel,679.0,0,4,66,4.3,False,False,False
Sunbird de Shuri,Marvel,1299.0,30,8,355,4.0,False,False,False
Laboratorio de Shuri,Marvel,259.0,0,4,58,4.6,False,False,False
Nave de los Guardianes,Marvel,3999.0,30,14,1901,4.8,False,False,True
Nave de los Nuevos Guardianes,Marvel,2599.0,20,10,1108,4.6,False,False,False
Miles Morales: Tecnotrike de Spider-Man,Marvel,259.0,30,4,59,4.8,False,False,False
Barco Caprino,Marvel,1499.0,30,8,564,4.7,False,False,False
Llavero de Spider-Ham,Marvel,149.0,30,6,1,4.3,True,False,False
La Batalla en la Oscuridad Profunda,Minecraft®,1599.0,0,8,584,4.8,False,False,False
La Fortificación-Espada,Minecraft®,1099.0,0,8,427,4.9,False,False,False
La Cabaña-Abeja,Minecraft®,599.0,0,8,254,5.0,False,False,False
La Armería,Minecraft®,469.0,0,7,203,5.0,False,False,False
El Santuario de Animales,Minecraft®,469.0,0,7,206,,False,False,False
El Pueblo-Llama,Minecraft®,3499.0,0,9,1252,4.4,False,False,False
La Mina Abandonada,Minecraft®,469.0,0,7,248,4.9,False,False,False
La Casa-Ajolote,Minecraft®,679.0,0,7,242,4.6,False,False,False
La Aventura en el Pantano,Minecraft®,259.0,0,7,65,5.0,False,False,False
La Fortaleza del Gólem de Hierro,Minecraft®,2799.0,30,9,868,4.9,False,False,False
El Refugio-Zorro,Minecraft®,529.0,0,8,193,4.9,False,False,False
El Arrecife de Coral,Minecraft®,249.0,0,7,92,4.8,False,False,False
El Bastión del Nether,Minecraft®,999.0,0,8,300,4.8,False,False,False
La Casa-Champiñón,Minecraft®,529.0,0,8,272,4.9,False,False,False
El Portal en Ruinas,Minecraft®,749.0,0,8,316,4.5,False,False,False
La Aldea Abandonada,Minecraft®,1099.0,0,8,422,4.4,False,False,False
El Rancho-Conejo,Minecraft®,799.0,0,8,340,4.8,False,False,False
La Mazmorra del Esqueleto,Minecraft®,999.0,0,8,364,5.0,False,False,False
La Casa-Tortuga de la Playa,Minecraft®,679.0,0,8,234,,False,False,False
La Expedición de Steve al Desierto,Minecraft®,279.0,0,6,75,,False,False,False
El Combate en el End,Minecraft®,599.0,0,8,252,4.9,False,False,False
La Emboscada en el Portal del Nether,Minecraft®,949.0,0,8,352,,False,False,False
El Duelo contra el Devorador,Minecraft®,1149.0,0,8,420,,False,False,False
Llavero de Creeper™,Minecraft®,149.0,30,6,1,5.0,True,False,False
La Casa-Rana,Minecraft®,1399.0,0,8,400,,False,False,False
La Casa-Cerdo,Minecraft®,1299.0,0,8,490,4.5,False,False,False
La Pastelería,Minecraft®,649.0,0,8,154,4.5,False,False,False
Llavero de Steve,Minecraft®,149.0,30,6,1,,True,False,False
Caja Modular 4.0,Minecraft®,1999.0,30,8,605,5.0,False,False,False
El Refugio-Panda,Minecraft®,1299.0,0,8,553,4.9,False,False,False
La Granja-Calabaza,Minecraft®,999.0,30,8,257,4.9,False,False,False
El Castillo de Hielo,Minecraft®,1299.0,0,8,499,4.9,False,False,False
Zombi,Minecraft®,249.0,30,10,81,4.6,False,False,False
La Batalla contra el Guardián,Minecraft®,649.0,0,8,255,4.9,False,False,False
El Campo de Entrenamiento,Minecraft®,1999.0,0,8,534,4.8,False,False,False
Los Picos de Hielo,Minecraft®,849.0,0,8,304,4.8,False,False,False
Llavero de Piglin,Minecraft®,149.0,30,6,1,,True,False,False
El Granero Rojo,Minecraft®,2599.0,30,9,799,4.9,False,False,False
La Emboscada del Creeper™,Minecraft®,259.0,0,7,72,4.5,False,False,False
Llama,Minecraft®,249.0,30,10,100,4.9,False,False,False
Alex,Minecraft®,249.0,30,10,86,5.0,False,False,False
LEGO® Minifigures: 25ª Edición,Minifiguras,119.0,0,5,9,2.1,False,True,False
LEGO® Minifigures: 25ª Edición (paquete de 6),Minifiguras,714.0,0,5,52,1.0,False,True,False
Minifigura LEGO® Gigante,Minifiguras,1199.0,0,10,654,4.7,False,True,False
LEGO® Minifigures: 24ª Edición,Minifiguras,129.0,30,5,8,3.0,False,True,False
LEGO® Minifigures Marvel: 2ª Edición,Minifiguras,129.0,30,5,10,2.2,False,True,False
LEGO® Minifigures: Edición Disney 100,Minifiguras,129.0,30,5,8,3.4,False,True,False
LEGO® Minifigures: 24ª Edición (paquete de 6),Minifiguras,654.0,30,5,51,1.0,False,True,False
Llavero del Chico Bulldog Francés,Minifiguras,149.0,0,6,1,3.4,True,True,False
Llavero de la Chica Chile,Minifiguras,149.0,0,6,1,,True,True,False
Llavero de la Chica Mariquita,Minifiguras,149.0,20,6,1,5.0,True,True,False
5.º Aniversario de Megápolis,Monkie Kid™,4699.0,0,10,2330,,False,False,False
Meca-Dragón de Mei,Monkie Kid™,2599.0,0,9,990,,False,False,False
Meca Ultra de Monkey King,Monkie Kid™,3999.0,0,10,1705,4.5,False,False,False
Meca Combinado de Monkie Kid,Monkie Kid™,529.0,0,7,277,4.8,False,False,False
Dragón Guardián de Mei,Monkie Kid™,1899.0,0,9,605,5.0,False,False,False
Reinos Celestiales,Monkie Kid™,4599.0,30,10,2433,4.7,False,False,False
Reactor-Dragón de Mei,Monkie Kid™,529.0,0,7,246,5.0,False,False,False
Minimeca de Monkie Kid,Monkie Kid™,1399.0,0,8,556,,False,False,False
Vehículos Creativos,Monkie Kid™,869.0,0,6,390,,False,False,False
Ciudad de los Faroles,Monkie Kid™,3999.0,0,9,2187,4.7,False,False,False
Anillo de Fuego de Nezha,Monkie Kid™,2599.0,30,8,929,4.6,False,False,False
Meca de Evil Macaque,Monkie Kid™,2299.0,30,8,893,4.3,False,False,False
El Poderoso Azure Lion,Monkie Kid™,1999.0,0,9,789,5.0,False,False,False
Palacio del Dragón del Este,Monkie Kid™,4699.0,0,10,2364,5.0,False,False,False
Bastón Creativo de Monkie Kid,Monkie Kid™,899.0,33,5,309,5.0,False,False,False
Dragón del Este,Monkie Kid™,2099.0,30,8,880,4.8,False,False,False
Fábrica de Pasteles de Luna de Chang’e,Monkie Kid™,1799.0,30,8,609,4.3,False,False,False
Guarida del Equipo de Monkie Kid,Monkie Kid™,3699.0,0,9,1582,4.9,False,False,False
Dirigible-Nube de Monkie Kid,Monkie Kid™,1299.0,0,7,540,5.0,False,False,False
Reactor-Nube de Monkie Kid,Monkie Kid™,1499.0,30,8,529,4.3,False,False,False
Yellow Tusk Elephant,Monkie Kid™,1999.0,0,8,844,4.0,False,False,False
Tanque-Toro de Hierro,Monkie Kid™,1299.0,0,7,430,4.5,False,False,False
Furgoneta del Equipo de Monkie Kid,Monkie Kid™,3499.0,30,9,1406,5.0,False,False,False
Explorador Galáctico de Monkie Kid,Monkie Kid™,3499.0,30,9,1356,5.0,False,False,False
Mercados de la Ciudad de NINJAGO®,NINJAGO®,9199.0,0,14,6163,4.4,False,True,True
Jardines de la Ciudad de NINJAGO®,NINJAGO®,8499.0,0,14,5686,4.7,False,True,True
Núcleos de Energía del Templo del Dragón,NINJAGO®,2399.0,0,8,1029,5.0,False,True,False
Kai Dragon Power: Tornado Spinjitzu,NINJAGO®,279.0,30,6,72,4.0,False,True,False
Pack de Combate: Meca de Jay,NINJAGO®,259.0,0,6,78,,False,True,False
Lloyd Dragon Power: Ciclón Spinjitzu,NINJAGO®,279.0,30,6,56,4.8,False,True,False
Meca Elemental del Fuego de Kai,NINJAGO®,759.0,0,7,322,3.7,False,True,False
Nya Dragon Power: Derrape Spinjitzu,NINJAGO®,279.0,30,6,57,3.3,False,True,False
Dragón Maestro Egalt,NINJAGO®,1799.0,0,8,532,4.3,False,True,False
Meca Elemental de la Tierra de Cole,NINJAGO®,499.0,0,7,235,,False,True,False
Barco de Asalto Ninja: Carrera Contra el Tiempo,NINJAGO®,3999.0,0,9,1739,4.6,False,True,False
Meca Elemental Tecno de Sora,NINJAGO®,499.0,0,7,209,,False,True,False
Sabueso Cazadragones de Imperium,NINJAGO®,499.0,0,6,198,4.9,False,True,False
Ataque Rising Dragon de Kai,NINJAGO®,259.0,0,6,24,,False,True,False
Dragón de Agua EVO de Nya,NINJAGO®,499.0,0,6,173,4.9,False,True,False
Dragón de Lava Transformable de Heatwave,NINJAGO®,1399.0,0,8,479,5.0,False,True,False
Todoterreno del Dragón de Cole,NINJAGO®,1199.0,30,8,384,5.0,False,True,False
Moto de Carreras Transformable en Meca de Sora,NINJAGO®,1199.0,0,8,384,4.9,False,True,False
Zane Dragon Power: Deportivo de Competición Spinjitzu,NINJAGO®,869.0,0,7,307,5.0,False,True,False
Meca de Combate de Arin,NINJAGO®,399.0,0,4,104,,False,True,False
Ataque Rising Dragon de Arin,NINJAGO®,259.0,0,6,27,,False,True,False
Meca Ninja Ultra Combo,NINJAGO®,2399.0,30,9,1104,5.0,False,True,False
Ataque Rising Dragon de Nya,NINJAGO®,259.0,0,6,26,,False,True,False
Meca de Combate Ninja EVO de Lloyd,NINJAGO®,499.0,20,6,223,4.7,False,True,False
Dragón Elemental vs. Meca de la Emperatriz,NINJAGO®,3399.0,0,9,1038,5.0,False,True,False
Mecas del Equipo Ninja de Lloyd y Arin,NINJAGO®,1999.0,0,9,764,4.9,False,True,False
Criatura Dragón de Hielo de Zane,NINJAGO®,2599.0,0,10,973,5.0,False,True,False
Dragón Legendario de Lloyd,NINJAGO®,1799.0,30,8,747,4.9,False,True,False
Meca Titán de Jay,NINJAGO®,1999.0,0,9,794,4.9,False,True,False
Meca Samurái X de Nya,NINJAGO®,3199.0,30,10,1003,3.6,False,True,False
Templo del Rey Cristal,NINJAGO®,2099.0,30,8,703,4.3,False,True,False
Moto del Dragón Dorado de Jay,NINJAGO®,529.0,30,7,137,4.6,False,True,False
Ultradragón Dorado de Lloyd,NINJAGO®,3999.0,30,9,989,4.4,False,True,False
Dragón de Tierra EVO de Cole,NINJAGO®,849.0,0,7,285,4.8,False,True,False
Caja Ninja de Ladrillos Creativos,NINJAGO®,1499.0,0,5,530,4.5,False,True,False
Moto Callejera Ninja de Lloyd,NINJAGO®,259.0,0,4,64,4.0,False,True,False
Explorador del Dragón Dorado de Kai,NINJAGO®,2399.0,30,8,624,4.6,False,True,False
Deportivo EVO de Lloyd,NINJAGO®,799.0,30,6,279,4.8,False,True,False
Dragón del Trueno EVO de Jay,NINJAGO®,529.0,30,6,140,4.0,False,True,False
Batalla en Coche y Moto de Kai y Ras,NINJAGO®,499.0,0,4,103,4.9,False,True,False
Jet del Rayo EVO de Jay,NINJAGO®,259.0,0,6,146,4.8,False,True,False
Coche de Carreras Ninja EVO de Kai,NINJAGO®,259.0,0,6,94,4.8,False,True,False
Deportivo EVO de Jay y Nya,NINJAGO®,1299.0,0,7,536,4.9,False,True,False
Batalla por el Dragón Bebé de Nya y Arin,NINJAGO®,869.0,0,4,157,5.0,False,True,False
Moto-Meca EVO de Kai,NINJAGO®,1099.0,0,7,312,4.6,False,True,False
Rey Cristal,NINJAGO®,1999.0,30,9,722,4.8,False,True,False
Templo del Dragón Ninja,NINJAGO®,1099.0,30,4,161,3.5,False,True,False
Reactor del Dragón Dorado de Zane,NINJAGO®,799.0,30,7,258,4.9,False,True,False
Templo Dojo Ninja,NINJAGO®,2599.0,30,8,1394,4.7,False,True,False
Barco de Asalto Hidro,NINJAGO®,3699.0,30,9,1159,4.4,False,True,False
Dragón de Agua,NINJAGO®,1999.0,30,9,737,5.0,False,True,False
Meca de Última Generación EVO de Zane,NINJAGO®,259.0,30,6,95,4.7,False,True,False
Meca Ninja de Lloyd,NINJAGO®,259.0,30,4,57,4.7,False,True,False
Dragón del Fuego EVO de Kai,NINJAGO®,799.0,30,6,204,4.0,False,True,False
Piano de Cola,Powered UP,9499.0,0,18,3662,5.0,False,True,True
Luz,Powered UP,259.0,0,7,1,4.4,False,True,False
Motor Lineal Mediano,Powered UP,449.0,0,7,1,2.5,False,True,False
Move Hub,Powered UP,1999.0,0,7,1,3.5,False,True,False
Sensor de Color y Distancia,Powered UP,329.0,0,7,1,5.0,False,True,False
Motor de Tren,Powered UP,329.0,0,7,7,4.2,False,True,False
Hub Grande,Powered UP,6299.0,0,6,2,3.0,False,True,False
Casa Encantada de la Feria,Powered UP,7299.0,0,18,3231,4.5,False,True,True
Control Remoto,Powered UP,599.0,0,7,1,3.0,False,True,False
Huida de Shadow the Hedgehog,Sonic the Hedgehog™,469.0,0,8,196,5.0,False,False,False
Robot Guardián de Knuckles,Sonic the Hedgehog™,869.0,0,8,276,,False,False,False
Llavero de Sonic the Hedgehog™,Sonic the Hedgehog™,149.0,0,6,1,5.0,True,False,False
Sonic the Hedgehog™ – Green Hill Zone,Sonic the Hedgehog™,1999.0,0,18,1125,4.6,False,False,True
Sonic the Hedgehog™,Sonic the Hedgehog™,249.0,0,10,139,5.0,False,False,False
Sonic vs. Robot Death Egg del Dr. Eggman,Sonic the Hedgehog™,1499.0,30,8,615,4.8,False,False,False
Taller y Avión Tornado de Tails,Sonic the Hedgehog™,999.0,0,6,376,4.9,False,False,False
Sonic: Desafío de la Esfera de Velocidad,Sonic the Hedgehog™,869.0,0,6,292,4.8,False,False,False
Sonic: Desafío del Looping de Green Hill Zone,Sonic the Hedgehog™,2599.0,0,8,802,4.6,False,False,False
Isla de Rescate de Animales de Amy,Sonic the Hedgehog™,1299.0,20,7,388,4.5,False,False,False
Miles “Tails” Prower,Sonic the Hedgehog™,249.0,0,10,131,5.0,False,False,False
Sonic the Hedgehog™: Knuckles y Shadow,Sonic the Hedgehog™,499.0,0,10,298,,False,False,False
Mercedes-AMG F1 W12 E Performance y Mercedes-AMG Project One,Speed Champions,799.0,0,9,564,4.3,False,False,False
Nissan Skyline GT-R (R34) de 2 Fast 2 Furious,Speed Champions,599.0,0,9,319,4.7,False,False,False
Ferrari 812 Competizione,Speed Champions,599.0,0,9,261,4.9,False,False,False
Porsche 963,Speed Champions,599.0,0,9,280,4.7,False,False,False
McLaren Solus GT y McLaren F1 LM,Speed Champions,849.0,0,9,581,4.0,False,False,False
Deportivo Ford Mustang Dark Horse,Speed Champions,679.0,0,9,344,,False,False,False
007 Aston Martin DB5,Speed Champions,529.0,0,8,298,4.5,False,False,False
1970 Ferrari 512 M,Speed Champions,529.0,0,8,291,4.9,False,False,False
Pagani Utopia,Speed Champions,599.0,0,9,249,4.8,False,False,False
Coches de Carreras BMW M4 GT3 y BMW M Hybrid V8,Speed Champions,1149.0,0,9,676,,False,False,False
Koenigsegg Jesko,Speed Champions,529.0,0,7,280,4.8,False,False,False
Coche de Carreras Audi S1 e-tron quattro,Speed Champions,679.0,0,9,274,,False,False,False
Lamborghini Countach,Speed Champions,529.0,0,8,262,4.9,False,False,False
Aston Martin Valkyrie AMR Pro y Aston Martin Vantage GT3,Speed Champions,1099.0,0,9,592,4.4,False,False,False
Lotus Evija,Speed Champions,529.0,0,8,247,4.8,False,False,False
Fast & Furious 1970 Dodge Charger R/T,Speed Champions,529.0,30,8,345,5.0,False,False,False
Toyota GR Supra,Speed Champions,529.0,0,7,299,4.0,False,False,False
Daily Bugle,Spider-Man,8699.0,0,18,3772,4.6,False,False,True
Batalla Final de Spider-Man,Spider-Man,2799.0,0,10,900,4.8,False,False,False
Llavero de Miles Morales,Spider-Man,149.0,0,6,1,5.0,True,False,False
Figura de Miles Morales,Spider-Man,649.0,30,8,238,4.5,False,False,False
Llavero de Spider-Man,Spider-Man,149.0,0,6,1,,True,False,False
Llavero de Carnage,Spider-Man,149.0,30,6,1,5.0,True,False,False
Figura de Spider-Man,Spider-Man,649.0,0,8,258,5.0,False,False,False
Camiones de Combate de Hulk y Rino,Spider-Man,529.0,0,4,110,4.8,False,False,False
Figura de Venom,Spider-Man,649.0,30,8,297,4.4,False,False,False
Armadura Robótica de Venom vs. Miles Morales,Spider-Man,349.0,0,6,134,,False,False,False
Spidey vs. Duende Verde,Spider-Man,499.0,0,4,84,,False,False,False
Cuartel General Arácnido del Equipo Spidey,Spider-Man,1399.0,0,4,193,,False,False,False
El Increíble Spider-Man,Spider-Man,4999.0,0,18,2099,5.0,False,False,True
Venom,Spider-Man,1799.0,0,18,565,4.2,False,False,True
Coche de Spider-Man y Doc Ock,Spider-Man,259.0,0,4,48,5.0,False,False,False
Cuartel General Arácnido de Spider-Man,Spider-Man,1299.0,0,4,155,5.0,False,False,False
Base Móvil del Equipo Spidey,Spider-Man,1299.0,0,4,187,5.0,False,False,False
Casa de Spider-Man,Spider-Man,529.0,0,2,25,4.9,False,False,False
Equipo Spidey en el Faro del Duende Verde,Spider-Man,849.0,20,4,149,5.0,False,False,False
Llavero de Spider-Ham,Spider-Man,149.0,30,6,1,4.3,True,False,False
Miles Morales: Tecnotrike de Spider-Man,Spider-Man,259.0,30,4,59,4.8,False,False,False
Crucero de Ataque Clase Venator de la República,Star Wars™,15499.0,0,18,5374,4.6,False,False,True
AT-AT™,Star Wars™,19999.0,0,18,6785,4.2,False,False,True
Millennium Falcon™,Star Wars™,19999.0,0,16,7541,4.5,False,False,True
The Razor Crest™,Star Wars™,14499.0,0,18,6187,4.0,False,False,True
Pack de Combate: Soldado Clon y Droide de Combate,Star Wars™,759.0,0,7,215,4.6,False,False,False
Diorama Festivo: Halcón Milenario,Star Wars™,699.0,30,8,282,4.6,False,False,False
Caza Estelar Ala-X,Star Wars™,5799.0,0,18,1953,3.1,False,False,True
Espíritu y Fantasma II,Star Wars™,3999.0,0,10,1394,4.6,False,False,False
Cañonera de la Guardia de Coruscant,Star Wars™,3699.0,0,9,1083,3.9,False,False,False
Microfighter: Caza Estelar N-1 de The Mandalorian,Star Wars™,399.0,0,6,88,4.6,False,False,False
Superdestructor Estelar Ejecutor,Star Wars™,1799.0,0,18,630,4.8,False,False,True
Pack de Combate: Soldados Clon de la 332 de Ahsoka,Star Wars™,499.0,0,6,108,4.0,False,False,False
R2-D2™,Star Wars™,5799.0,0,18,2314,4.4,False,False,True
Caza Estelar Jedi de Yoda,Star Wars™,869.0,0,8,253,4.5,False,False,False
Lanzadera Jedi T-6 de Ahsoka Tano,Star Wars™,1999.0,0,9,601,3.9,False,False,False
Héroes de la Batalla de Endor™,Star Wars™,999.0,40,10,549,5.0,False,False,False
Obi-Wan Kenobi™ y Darth Vader™,Star Wars™,499.0,0,10,260,4.6,False,False,False
Llavero de Soldado Explorador,Star Wars™,149.0,0,6,1,5.0,True,False,False
Speeder Terrestre de Luke Skywalker,Star Wars™,5799.0,0,18,1890,4.4,False,False,True
Meca de Soldado de Asalto,Star Wars™,399.0,0,6,138,4.9,False,False,False
Caminante AT-TE™,Star Wars™,3699.0,0,9,1082,4.5,False,False,False
Bombardero TIE,Star Wars™,1599.0,0,9,625,4.5,False,False,False
Halcón Milenario,Star Wars™,4099.0,0,9,1353,4.6,False,False,False
El Niño,Star Wars™,2299.0,0,10,1075,4.6,False,False,False
Diorama: Sala del Trono del Emperador,Star Wars™,2599.0,30,18,807,4.0,False,False,True
Casco de Darth Vader™,Star Wars™,1999.0,0,18,834,4.7,False,False,True
AT-AT™,Star Wars™,4099.0,0,10,1267,4.2,False,False,False
Meca de Darth Vader™,Star Wars™,399.0,0,6,139,4.6,False,False,False
Tanque Araña,Star Wars™,1299.0,0,9,526,4.6,False,False,False
The Crimson Firehawk™,Star Wars™,1299.0,0,4,136,1.0,False,False,False
Llavero de Ahsoka Tano™,Star Wars™,149.0,0,6,1,4.1,True,False,False
Cantina de Mos Eisley,Star Wars™,9499.0,0,18,3187,4.8,False,False,True
Transporte Inquisitorial Scythe™,Star Wars™,2599.0,30,9,924,4.4,False,False,False
Meca de Boba Fett™,Star Wars™,399.0,0,6,155,4.5,False,False,False
Diorama: Duelo de Speeders en Endor™,Star Wars™,1999.0,30,18,608,3.3,False,False,True
Caza Ala-X de Luke Skywalker,Star Wars™,1299.0,0,9,474,4.3,False,False,False
Caza Estelar Jedi de Obi-Wan Kenobi,Star Wars™,849.0,0,7,282,4.4,False,False,False
Caza Colmillo Mandaloriano vs. Interceptor TIE,Star Wars™,2599.0,0,9,957,4.3,False,False,False
Llavero de Stormtrooper™,Star Wars™,149.0,0,6,1,5.0,True,False,False
Nave Estelar de Boba Fett,Star Wars™,1299.0,0,9,593,4.4,False,False,False
Transporte de Cazarrecompensas de The Mandalorian™,Star Wars™,3699.0,0,10,1023,4.7,False,False,False
Caza TIE Imperial,Star Wars™,1099.0,0,8,432,4.7,False,False,False
Llavero del Mandaloriano,Star Wars™,149.0,0,6,1,5.0,True,False,False
Llavero de Darth Vader™,Star Wars™,149.0,0,6,1,,True,False,False
Bandido Tusken,Star Wars™,249.0,0,10,152,4.8,False,False,False
Microfighter: Nave Estelar de Boba Fett,Star Wars™,259.0,0,6,85,4.6,False,False,False
Pack de Combate: Soldados Clon de la 501,Star Wars™,529.0,0,6,119,4.5,False,False,False
Casco del Capitán Rex,Star Wars™,1799.0,0,18,854,4.9,False,False,True
Llavero de Grogu™,Star Wars™,149.0,0,6,1,4.5,True,False,False
Base Rebelde de Yavin 4,Star Wars™,4199.0,0,8,1066,3.9,False,False,False
The Justifier™,Star Wars™,4099.0,30,9,1022,4.7,False,False,False
Ala-E de la Nueva República vs. Caza Estelar de Shin Hati,Star Wars™,2799.0,0,9,1056,4.3,False,False,False
Chewbacca™,Star Wars™,4999.0,0,18,2319,4.9,False,False,True
Caza Estelar N-1 de The Mandalorian,Star Wars™,1599.0,0,9,412,3.8,False,False,False
Casco del Mandaloriano,Star Wars™,1799.0,0,18,584,4.9,False,False,True
Casco del Comandante Clon Cody,Star Wars™,1799.0,0,18,766,4.7,False,False,True
Obi-Wan Kenobi™ vs. Darth Vader™,Star Wars™,1299.0,0,8,408,3.3,False,False,False
LEGO® Star Wars™: Calendario de Adviento 2023,Star Wars™,1149.0,30,6,320,3.7,False,False,False
Ataque de los Soldados Oscuros,Star Wars™,799.0,30,8,166,4.5,False,False,False
Ahsoka Tano,Star Wars™,249.0,30,10,164,4.8,False,False,False
AT-ST™ de Hoth™,Star Wars™,1299.0,0,9,586,4.6,False,False,False
Casco de Luke Skywalker™ (Rojo Cinco),Star Wars™,1799.0,0,18,675,3.8,False,False,True
Tanque de Asalto de la República,Star Wars™,1099.0,0,7,262,4.4,False,False,False
BD-1™,Star Wars™,2599.0,0,14,1062,4.6,False,False,True
Templo Jedi de Tenoo,Star Wars™,999.0,20,4,124,3.8,False,False,False
Casco de la Princesa Leia (Boushh™),Star Wars™,1799.0,0,18,670,5.0,False,False,True
Caza Snub Pirata,Star Wars™,849.0,20,8,285,4.3,False,False,False
Llavero de Fennec Shand™,Star Wars™,149.0,0,6,1,,True,False,False
Cañonera de la República,Star Wars™,9499.0,0,18,3292,5.0,False,False,True
Diorama: Ataque a la Estrella de la Muerte,Star Wars™,1799.0,30,18,665,4.9,False,False,True
Casco de Soldado Oscuro,Star Wars™,1799.0,0,18,693,4.4,False,False,True
Sala del Trono de Boba Fett,Star Wars™,2599.0,30,9,732,5.0,False,False,False
Llavero de Yoda™,Star Wars™,119.0,0,6,1,4.7,True,False,False
Diorama: Compactador de Basura de la Estrella de la Muerte,Star Wars™,2399.0,0,18,802,4.0,False,False,True
Pack de Combate: Soldados de las Nieves,Star Wars™,529.0,0,6,105,4.3,False,False,False
Diorama: Entrenamiento Jedi™ en Dagobah™,Star Wars™,2299.0,0,18,1000,4.1,False,False,True
AT-ST™,Star Wars™,799.0,0,4,87,1.7,False,False,False
El Mandaloriano y el Niño,Star Wars™,499.0,0,10,295,4.7,False,False,False
Emboscada en Ferrix™,Star Wars™,1799.0,0,9,679,4.5,False,False,False
Ferrari Daytona SP3,Technic,10499.0,0,18,3778,4.1,False,True,True
Lamborghini Sián FKP 37,Technic,10499.0,0,18,3696,4.0,False,True,True
Coche de Carreras McLaren Formula 1™,Technic,4999.0,0,18,1434,4.5,False,True,True
Ford GT 2022,Technic,2999.0,0,18,1468,4.1,False,True,True
Porsche 911 RSR,Technic,4299.0,0,10,1580,4.5,False,True,False
PEUGEOT 9X8 24H Le Mans Hybrid Hypercar,Technic,4999.0,0,18,1775,4.8,False,True,True
BMW M 1000 RR,Technic,6199.0,0,18,1921,4.5,False,True,True
Lamborghini Huracán Tecnica,Technic,1299.0,0,9,806,4.6,False,True,False
Yamaha MT-10 SP,Technic,5799.0,0,18,1478,4.6,False,True,True
Ferrari 488 GTE “AF Corse #51”,Technic,4999.0,0,18,1684,4.4,False,True,True
Bugatti Bolide Agile Blue,Technic,1299.0,0,9,905,4.0,False,True,False
Ford Mustang Shelby® GT500®,Technic,1299.0,0,9,544,4.2,False,True,False
NEOM McLaren Extreme E Race Car,Technic,679.0,0,7,252,4.0,False,True,False
Grúa sobre Orugas Liebherr LR 13000,Technic,16999.0,30,18,2883,4.2,False,True,True
Bugatti Bolide,Technic,1299.0,0,9,905,4.4,False,True,False
Audi RS Q e-tron,Technic,4299.0,30,10,914,4.9,False,True,False
Formula E® Porsche 99X Electric,Technic,1299.0,0,9,422,5.0,False,True,False
Camión de Residuos Mack® LR Electric,Technic,829.0,0,8,503,4.5,False,True,False
John Deere 9700 Forage Harvester,Technic,999.0,0,9,559,,False,True,False
NASCAR® Next Gen Chevrolet Camaro ZL1,Technic,1299.0,0,9,672,4.8,False,True,False
Buldócer Pesado,Technic,349.0,0,7,195,,False,True,False
Buggy de Carreras Todoterreno,Technic,499.0,0,8,219,,False,True,False
Dom's Dodge Charger,Technic,2999.0,0,10,1077,4.4,False,True,False
NEOM McLaren Formula E Race Car,Technic,1299.0,0,9,452,,False,True,False
NASA Mars Rover Perseverance,Technic,2599.0,0,10,1132,4.7,False,True,False
Planeta Tierra y Luna en Órbita,Technic,1899.0,0,10,526,,False,True,False
Camión de Trial 4x4 Mercedes-Benz Zetros,Technic,7999.0,30,12,2129,4.6,False,True,True
John Deere 9620R 4WD Tractor,Technic,799.0,0,8,390,4.8,False,True,False
Nave Espacial de Carga Pesada VTOL LT81,Technic,2799.0,0,10,1365,,False,True,False
Helicóptero de Rescate Airbus H175,Technic,4999.0,0,11,2001,4.6,False,True,False
Vehículo Transformable Controlado por App,Technic,3999.0,30,9,772,4.4,False,True,False
Róver Explorador del Equipo de Marte,Technic,3999.0,0,11,1599,,False,True,False
McLaren Senna GTR™,Technic,1299.0,0,10,830,5.0,False,True,False
Skidder John Deere 948L-II,Technic,4999.0,0,11,1492,4.8,False,True,False
THE BATMAN: BATMOTO,Technic,1299.0,0,9,641,4.8,False,True,False
Monster Jam™ Dragon™,Technic,529.0,0,7,217,4.8,False,True,False
Cargadora Espacial de Superficie LT78,Technic,869.0,0,8,435,,False,True,False
Camión Remolcador de Gran Tonelaje,Technic,3999.0,0,11,2017,4.8,False,True,False
Manipuladora de Materiales,Technic,3999.0,30,10,835,4.4,False,True,False
Avión de Bomberos,Technic,2599.0,0,10,1134,4.5,False,True,False
Monster Jam™ Monster Mutt™ Dalmatian,Technic,529.0,0,7,244,4.9,False,True,False
Buldócer Cat® D11 Controlado por App,Technic,12499.0,30,18,3854,4.0,False,True,True
Volquete,Technic,349.0,0,7,177,4.9,False,True,False
Jeep® Wrangler,Technic,1299.0,0,9,665,4.6,False,True,False
Vehículo Todoterreno,Technic,2299.0,30,10,764,4.7,False,True,False
Monster Jam™ El Toro Loco™,Technic,529.0,0,7,247,5.0,False,True,False
Máquina Pisanieves,Technic,349.0,0,7,178,4.7,False,True,False
Ducati Panigale V4 R,Technic,1999.0,30,10,646,4.5,False,True,False
Moto,Technic,349.0,30,7,163,4.7,False,True,False
THE BATMAN: BATMÓVIL,Technic,2599.0,30,10,1360,4.7,False,True,False
Manipulador Telescópico,Technic,349.0,30,7,143,4.7,False,True,False
Monster Jam™ Grave Digger™,Technic,469.0,0,7,212,4.6,False,True,False
Tulipanes,Other,249.0,30,8,111,4.4,False,True,False
Girasoles,Other,349.0,0,8,191,4.4,False,True,False
Rosas,Other,349.0,0,8,120,4.8,False,True,False
Narcisos,Other,349.0,30,18,216,4.5,False,True,True
Flores de Cerezo,Other,349.0,0,8,430,5.0,False,True,False
Corazón Decorativo,Other,319.0,0,9,254,4.9,False,True,False
Flores de Loto,Other,349.0,0,8,220,4.9,False,True,False
Cascanueces LEGO®,Other,299.0,0,8,208,4.7,False,True,False
Adornos de Pan de Jengibre,Other,299.0,0,6,190,4.9,False,True,False
Todo el Mundo es Fabuloso,Other,899.0,0,18,346,4.5,False,True,True
Árbol de Navidad,Other,999.0,0,12,784,4.4,False,True,True
Dragón de la Suerte,Other,2299.0,0,10,1171,4.0,False,True,False
Postal de Japón,Other,359.0,0,9,262,,False,True,False
Land Rover Classic Defender,Other,339.0,0,8,150,4.8,False,True,False
Taxi Amarillo,Other,249.0,0,7,124,4.2,False,True,False
Celebración Familiar,Other,3399.0,0,8,1823,5.0,False,True,False
Calendario de Fiestas,Other,749.0,0,10,345,,False,True,False
Osos Polares en Invierno,Other,299.0,30,9,312,4.9,False,True,False
Llavero de minifigura dorada LEGO®,Other,119.0,0,6,1,3.7,True,True,False
Pícnic de Erizos,Other,319.0,0,8,166,,False,True,False
Llavero de Chico Cactus,Other,149.0,30,6,1,3.7,True,True,False
Piñata,Other,249.0,0,8,206,4.9,False,True,False
Parque Primaveral de Animales,Other,319.0,0,8,172,,False,True,False
Postal de Londres,Other,359.0,0,9,277,4.8,False,True,False
Trineo de Papá Noel,Other,999.0,0,9,343,4.8,False,True,False
Nido de Pájaros,Other,319.0,0,9,232,4.8,False,True,False
Llavero de Piolín,Other,149.0,20,6,1,,True,True,False
Corona de Navidad “2 en 1”,Other,999.0,30,9,510,4.3,False,True,False
Conejo Lunar,Other,449.0,0,8,288,5.0,False,True,False
Postal de Nueva York,Other,359.0,0,9,253,4.7,False,True,False
Llavero de hombre con disfraz de tiburón,Other,119.0,0,6,1,2.8,True,True,False
Llavero de ladrillo LEGO® rojo,Other,119.0,0,6,1,4.2,True,True,False
Llavero de Elfo Ayudante Feliz,Other,149.0,20,6,1,5.0,True,True,False
Llavero de la Dama de la Libertad,Other,149.0,0,6,1,4.0,True,True,False
Llavero de la Chica con Disfraz de Llama,Other,149.0,30,6,1,,True,True,False
Desfile del Año Nuevo Lunar,Other,3399.0,40,8,1653,3.9,False,True,False
Llavero Blanco Metálico 2x4,Other,149.0,20,6,1,5.0,True,True,False
Árbol del Dinero,Other,619.0,0,9,336,4.5,False,True,False
Llavero con ladrillo dorado LEGO®,Other,119.0,0,6,1,4.4,True,True,False
Juego de ajedrez,Other,1599.0,30,9,1450,4.4,False,True,False
Representación Ornamental del Año Nuevo Lunar,Other,2299.0,40,8,872,4.1,False,True,False
Postal de Australia,Other,359.0,0,7,191,3.3,False,True,False
Set de Cumpleaños,Other,319.0,30,7,141,4.8,False,True,False
Tuc-tuc,Other,249.0,30,7,155,4.6,False,True,False
Llavero de Papá Noel Feliz,Other,149.0,0,6,1,5.0,True,True,False
Llavero de chica mariposa,Other,119.0,0,6,1,3.3,True,True,False
Llavero del Vendedor de perritos calientes LEGO®,Other,119.0,0,6,1,5.0,True,True,False
Tarta de Cumpleaños,Other,339.0,0,7,211,4.8,False,True,False
Iconos de Juego,Other,2499.0,0,10,899,2.5,False,True,False
Pingüino de Navidad,Other,349.0,20,8,244,4.3,False,True,False
Llavero Azul Tierra 2x4,Other,149.0,0,6,1,,True,True,False
Gato y Ratón de Halloween,Other,299.0,30,9,328,4.8,False,True,False
Marco de fotos LEGO® Iconic,Other,339.0,20,7,268,4.3,False,True,False
Conejitos de Pascua,Other,299.0,30,8,288,4.8,False,True,False
Flores decorativas LEGO®,Other,119.0,0,7,100,5.0,False,True,False
Tortolitos de San Valentín,Other,299.0,30,8,298,5.0,False,True,False
Llavero del Monstruo de las Galletas,Other,149.0,20,6,1,,True,True,False
Ludo LEGO®,Other,699.0,30,7,389,4.8,False,True,False
Paseo navideño en tren LEGO®,Other,199.0,0,7,169,4.8,False,True,False
Pack de Oso Polar y Regalo,Other,249.0,20,7,142,4.4,False,True,False
Horizon Forbidden West: Cuellilargo,Other,2299.0,0,18,1222,4.8,False,True,True
Llavero del Tío Sandía,Other,149.0,20,6,1,,True,True,False
Pingüino y Copo de Nieve,Other,229.0,20,7,139,4.2,False,True,False
Llavero de Chica con Disfraz de Elefante,Other,149.0,0,6,1,5.0,True,True,False
Conejo de Pascua,Other,99.0,0,6,67,,False,True,False
Postal de París,Other,359.0,30,9,213,4.8,False,True,False
Torre de los Vengadores,Other,389.0,0,10,211,3.8,False,True,False
Tren,Other,99.0,0,6,59,5.0,False,True,False
Feria del Templo del Año Nuevo Chino,Other,2499.0,0,8,1664,4.7,False,True,False
Deportivo Clásico,Other,279.0,0,8,142,5.0,False,True,False
Adorno navideño: Pingüino,Other,149.0,0,6,37,5.0,False,True,False
Set 40 aniversario de los trenes LEGO®,Other,389.0,0,9,188,,False,True,False
Postal de Pekín,Other,359.0,0,9,276,4.2,False,True,False
Llavero Creativo,Other,149.0,0,6,1,,True,True,False
Llavero Verde Metálico 2x4,Other,149.0,20,6,1,,True,True,False
Ladrillos Magnéticos 4x4 LEGO®,Other,169.0,0,6,4,5.0,False,True,False
Modelo Magnético de Torre Eiffel,Other,219.0,20,6,29,5.0,False,True,False
Llavero Creativo LEGO®,Other,129.0,20,6,1,5.0,True,True,False
Llavero de Elmo,Other,149.0,20,6,1,,True,True,False
China: Llavero de Chica con Flores,Other,149.0,0,6,1,,True,True,False
Llavero del Tío del Cumpleaños,Other,149.0,20,6,1,5.0,True,True,False
Llavero 2x6 LEGO®,Other,149.0,0,6,1,,True,True,False
Pareja de Calabaza y Murciélago,Other,219.0,0,7,131,4.5,False,True,False
Danza del León,Other,1699.0,0,8,882,5.0,False,True,False
Bola de Pollo Skater,Other,129.0,0,6,36,,False,True,False
Juego de Artículos Creativos de Papelería LEGO®,Other,339.0,20,6,18,,False,True,False
Huevo de Pascua LEGO®,Other,249.0,0,8,239,5.0,False,True,False
Pack de Araña y Casa Encantada,Other,249.0,20,7,132,4.7,False,True,False
Paseo en Carro por Halloween,Other,269.0,0,7,148,4.9,False,True,False
Casa del Conejo de Pascua,Other,169.0,0,6,57,,False,True,False
Mighty Micros: Supergirl™ vs. Brainiac™,Other,199.0,20,6,80,,False,True,False
Mighty Micros: Batman™ vs. Harley Quinn™,Other,199.0,20,6,86,5.0,False,True,False
